Using pre-set license
Built from '6000.0/staging' branch; Version is '6000.0.37f1 (090b7797214c) revision 592759'; Using compiler version '193933523'; Build Type 'Release'
OS: 'Windows 11  (10.0.26100) 64bit Core' Language: 'it' Physical Memory: 24203 MB
BatchMode: 1, IsHumanControllingUs: 0, StartBugReporterOnCrash: 0, Is64bit: 1, IsPro: 1

COMMAND LINE ARGUMENTS:
C:\Program Files\Unity\Hub\Editor\6000.0.37f1\Editor\Unity.exe
-adb2
-batchMode
-noUpm
-name
AssetImportWorker1
-projectPath
C:/Users/Jasbo/Repos/BehaviourTreeLessons/BehaviorTree2025
-logFile
Logs/AssetImportWorker1.log
-srvPort
55205
-job-worker-count
9
-background-job-worker-count
8
-gc-helper-count
1
Successfully changed project path to: C:/Users/Jasbo/Repos/BehaviourTreeLessons/BehaviorTree2025
C:/Users/Jasbo/Repos/BehaviourTreeLessons/BehaviorTree2025
[UnityMemory] Configuration Parameters - Can be set up in boot.config
    "memorysetup-bucket-allocator-granularity=16"
    "memorysetup-bucket-allocator-bucket-count=8"
    "memorysetup-bucket-allocator-block-size=33554432"
    "memorysetup-bucket-allocator-block-count=8"
    "memorysetup-main-allocator-block-size=16777216"
    "memorysetup-thread-allocator-block-size=16777216"
    "memorysetup-gfx-main-allocator-block-size=16777216"
    "memorysetup-gfx-thread-allocator-block-size=16777216"
    "memorysetup-cache-allocator-block-size=4194304"
    "memorysetup-typetree-allocator-block-size=2097152"
    "memorysetup-profiler-bucket-allocator-granularity=16"
    "memorysetup-profiler-bucket-allocator-bucket-count=8"
    "memorysetup-profiler-bucket-allocator-block-size=33554432"
    "memorysetup-profiler-bucket-allocator-block-count=8"
    "memorysetup-profiler-allocator-block-size=16777216"
    "memorysetup-profiler-editor-allocator-block-size=1048576"
    "memorysetup-temp-allocator-size-main=16777216"
    "memorysetup-job-temp-allocator-block-size=2097152"
    "memorysetup-job-temp-allocator-block-size-background=1048576"
    "memorysetup-job-temp-allocator-reduction-small-platforms=262144"
    "memorysetup-allocator-temp-initial-block-size-main=262144"
    "memorysetup-allocator-temp-initial-block-size-worker=262144"
    "memorysetup-temp-allocator-size-background-worker=32768"
    "memorysetup-temp-allocator-size-job-worker=262144"
    "memorysetup-temp-allocator-size-preload-manager=33554432"
    "memorysetup-temp-allocator-size-nav-mesh-worker=65536"
    "memorysetup-temp-allocator-size-audio-worker=65536"
    "memorysetup-temp-allocator-size-cloud-worker=32768"
    "memorysetup-temp-allocator-size-gi-baking-worker=262144"
    "memorysetup-temp-allocator-size-gi-baking-worker=262144"
    "memorysetup-temp-allocator-size-gi-baking-worker=262144"
    "memorysetup-temp-allocator-size-gi-baking-worker=262144"
    "memorysetup-temp-allocator-size-gi-baking-worker=262144"
    "memorysetup-temp-allocator-size-gfx=262144"
Player connection [29596]  Target information:

Player connection [29596]  * "[IP] 192.168.1.80 [Port] 0 [Flags] 2 [Guid] 3084581976 [EditorId] 3084581976 [Version] 1048832 [Id] WindowsEditor(7,Sasha-PC) [Debug] 1 [PackageName] WindowsEditor [ProjectName] Editor" 

Player connection [29596] Host joined multi-casting on [225.0.0.222:54997]...
Player connection [29596] Host joined alternative multi-casting on [225.0.0.222:34997]...
JobSystem: Creating JobQueue using job-worker-count value 9
Input System module state changed to: Initialized.
[Physics::Module] Initialized fallback backend.
[Physics::Module] Id: 0xdecafbad
Library Redirect Path: Library/
[Physics::Module] Selected backend.
[Physics::Module] Name: PhysX
[Physics::Module] Id: 0xf2b8ea05
[Physics::Module] SDK Version: 4.1.2
[Physics::Module] Integration Version: 1.0.0
[Physics::Module] Threading Mode: Multi-Threaded
Refreshing native plugins compatible for Editor in 3.85 ms, found 4 plugins.
Preloading 1 native plugins for Editor in 2.21 ms.
Initialize engine version: 6000.0.37f1 (090b7797214c)
[Subsystems] Discovering subsystems at path C:/Program Files/Unity/Hub/Editor/6000.0.37f1/Editor/Data/Resources/UnitySubsystems
[Subsystems] Discovering subsystems at path C:/Users/Jasbo/Repos/BehaviourTreeLessons/BehaviorTree2025/Assets
GfxDevice: creating device client; kGfxThreadingModeNonThreaded
Direct3D:
    Version:  Direct3D 11.0 [level 11.1]
    Renderer: NVIDIA GeForce RTX 4060 Laptop GPU (ID=0x28e0)
    Vendor:   NVIDIA
    VRAM:     7957 MB
    Driver:   32.0.15.6636
Initialize mono
Mono path[0] = 'C:/Program Files/Unity/Hub/Editor/6000.0.37f1/Editor/Data/Managed'
Mono path[1] = 'C:/Program Files/Unity/Hub/Editor/6000.0.37f1/Editor/Data/MonoBleedingEdge/lib/mono/unityjit-win32'
Mono config path = 'C:/Program Files/Unity/Hub/Editor/6000.0.37f1/Editor/Data/MonoBleedingEdge/etc'
Using monoOptions --debugger-agent=transport=dt_socket,embedding=1,server=y,suspend=n,address=127.0.0.1:56372
Begin MonoManager ReloadAssembly
Registering precompiled unity dll's ...
Register platform support module: C:/Program Files/Unity/Hub/Editor/6000.0.37f1/Editor/Data/PlaybackEngines/WindowsStandaloneSupport/UnityEditor.WindowsStandalone.Extensions.dll
Registered in 0.002475 seconds.
- Loaded All Assemblies, in  0.356 seconds
Native extension for WindowsStandalone target not found
Mono: successfully reloaded assembly
- Finished resetting the current domain, in  0.304 seconds
Domain Reload Profiling: 658ms
	BeginReloadAssembly (123ms)
		ExecutionOrderSort (0ms)
		DisableScriptedObjects (0ms)
		BackupInstance (0ms)
		ReleaseScriptingObjects (0ms)
		CreateAndSetChildDomain (1ms)
	RebuildCommonClasses (33ms)
	RebuildNativeTypeToScriptingClass (11ms)
	initialDomainReloadingComplete (47ms)
	LoadAllAssembliesAndSetupDomain (140ms)
		LoadAssemblies (119ms)
		RebuildTransferFunctionScriptingTraits (0ms)
		AnalyzeDomain (137ms)
			TypeCache.Refresh (135ms)
				TypeCache.ScanAssembly (121ms)
			BuildScriptInfoCaches (0ms)
			ResolveRequiredComponents (0ms)
	FinalizeReload (305ms)
		ReleaseScriptCaches (0ms)
		RebuildScriptCaches (0ms)
		SetupLoadedEditorAssemblies (259ms)
			LogAssemblyErrors (0ms)
			InitializePlatformSupportModulesInManaged (27ms)
			SetLoadedEditorAssemblies (4ms)
			BeforeProcessingInitializeOnLoad (46ms)
			ProcessInitializeOnLoadAttributes (136ms)
			ProcessInitializeOnLoadMethodAttributes (46ms)
			AfterProcessingInitializeOnLoad (0ms)
			EditorAssembliesLoaded (0ms)
		ExecutionOrderSort2 (0ms)
		AwakeInstancesAfterBackupRestoration (0ms)
========================================================================
Worker process is ready to serve import requests
Import Worker Mode flag is 0x00
Begin MonoManager ReloadAssembly
Symbol file LoadedFromMemory is not a mono symbol file
- Loaded All Assemblies, in  0.715 seconds
Refreshing native plugins compatible for Editor in 1.81 ms, found 4 plugins.
Native extension for WindowsStandalone target not found
Mono: successfully reloaded assembly
- Finished resetting the current domain, in  0.829 seconds
Domain Reload Profiling: 1539ms
	BeginReloadAssembly (144ms)
		ExecutionOrderSort (0ms)
		DisableScriptedObjects (5ms)
		BackupInstance (0ms)
		ReleaseScriptingObjects (0ms)
		CreateAndSetChildDomain (24ms)
	RebuildCommonClasses (30ms)
	RebuildNativeTypeToScriptingClass (10ms)
	initialDomainReloadingComplete (35ms)
	LoadAllAssembliesAndSetupDomain (492ms)
		LoadAssemblies (333ms)
		RebuildTransferFunctionScriptingTraits (0ms)
		AnalyzeDomain (244ms)
			TypeCache.Refresh (181ms)
				TypeCache.ScanAssembly (164ms)
			BuildScriptInfoCaches (50ms)
			ResolveRequiredComponents (9ms)
	FinalizeReload (829ms)
		ReleaseScriptCaches (0ms)
		RebuildScriptCaches (0ms)
		SetupLoadedEditorAssemblies (698ms)
			LogAssemblyErrors (0ms)
			InitializePlatformSupportModulesInManaged (2ms)
			SetLoadedEditorAssemblies (3ms)
			BeforeProcessingInitializeOnLoad (125ms)
			ProcessInitializeOnLoadAttributes (324ms)
			ProcessInitializeOnLoadMethodAttributes (239ms)
			AfterProcessingInitializeOnLoad (4ms)
			EditorAssembliesLoaded (0ms)
		ExecutionOrderSort2 (0ms)
		AwakeInstancesAfterBackupRestoration (6ms)
Launched and connected shader compiler UnityShaderCompiler.exe after 0.01 seconds
Refreshing native plugins compatible for Editor in 1.69 ms, found 4 plugins.
Preloading 1 native plugins for Editor in 0.07 ms.
Unloading 221 Unused Serialized files (Serialized files now loaded: 0)
Unloading 6980 unused Assets / (4.7 MB). Loaded Objects now: 7682.
Memory consumption went from 179.7 MB to 175.0 MB.
Total: 7.719100 ms (FindLiveObjects: 0.501300 ms CreateObjectMapping: 0.502600 ms MarkObjects: 4.804900 ms  DeleteObjects: 1.909200 ms)

========================================================================
Received Prepare
Refreshing native plugins compatible for Editor in 2.84 ms, found 4 plugins.
Preloading 1 native plugins for Editor in 0.11 ms.
Unloading 13 Unused Serialized files (Serialized files now loaded: 0)
Unloading 6964 unused Assets / (4.5 MB). Loaded Objects now: 7683.
Memory consumption went from 143.3 MB to 138.8 MB.
Total: 8.940900 ms (FindLiveObjects: 1.077500 ms CreateObjectMapping: 0.559700 ms MarkObjects: 5.273300 ms  DeleteObjects: 2.029400 ms)

Prepare: number of updated asset objects reloaded= 0
========================================================================
Received Prepare
Begin MonoManager ReloadAssembly
Symbol file LoadedFromMemory is not a mono symbol file
- Loaded All Assemblies, in  0.659 seconds
Refreshing native plugins compatible for Editor in 1.76 ms, found 4 plugins.
Native extension for WindowsStandalone target not found
Mono: successfully reloaded assembly
- Finished resetting the current domain, in  0.929 seconds
Domain Reload Profiling: 1588ms
	BeginReloadAssembly (183ms)
		ExecutionOrderSort (0ms)
		DisableScriptedObjects (6ms)
		BackupInstance (0ms)
		ReleaseScriptingObjects (0ms)
		CreateAndSetChildDomain (48ms)
	RebuildCommonClasses (29ms)
	RebuildNativeTypeToScriptingClass (10ms)
	initialDomainReloadingComplete (25ms)
	LoadAllAssembliesAndSetupDomain (411ms)
		LoadAssemblies (321ms)
		RebuildTransferFunctionScriptingTraits (0ms)
		AnalyzeDomain (180ms)
			TypeCache.Refresh (9ms)
				TypeCache.ScanAssembly (0ms)
			BuildScriptInfoCaches (159ms)
			ResolveRequiredComponents (8ms)
	FinalizeReload (929ms)
		ReleaseScriptCaches (0ms)
		RebuildScriptCaches (0ms)
		SetupLoadedEditorAssemblies (726ms)
			LogAssemblyErrors (0ms)
			InitializePlatformSupportModulesInManaged (2ms)
			SetLoadedEditorAssemblies (4ms)
			BeforeProcessingInitializeOnLoad (134ms)
			ProcessInitializeOnLoadAttributes (319ms)
			ProcessInitializeOnLoadMethodAttributes (262ms)
			AfterProcessingInitializeOnLoad (5ms)
			EditorAssembliesLoaded (0ms)
		ExecutionOrderSort2 (0ms)
		AwakeInstancesAfterBackupRestoration (11ms)
Refreshing native plugins compatible for Editor in 1.92 ms, found 4 plugins.
Preloading 1 native plugins for Editor in 0.07 ms.
Unloading 23 Unused Serialized files (Serialized files now loaded: 0)
Unloading 6979 unused Assets / (4.4 MB). Loaded Objects now: 7698.
Memory consumption went from 158.3 MB to 153.9 MB.
Total: 7.344300 ms (FindLiveObjects: 0.508600 ms CreateObjectMapping: 0.501600 ms MarkObjects: 4.600300 ms  DeleteObjects: 1.733000 ms)

Prepare: number of updated asset objects reloaded= 0
========================================================================
Received Prepare
Refreshing native plugins compatible for Editor in 4.13 ms, found 4 plugins.
Preloading 1 native plugins for Editor in 0.14 ms.
Unloading 13 Unused Serialized files (Serialized files now loaded: 0)
Unloading 6964 unused Assets / (4.3 MB). Loaded Objects now: 7698.
Memory consumption went from 156.7 MB to 152.4 MB.
Total: 11.458500 ms (FindLiveObjects: 0.723200 ms CreateObjectMapping: 0.614900 ms MarkObjects: 7.252000 ms  DeleteObjects: 2.866400 ms)

Prepare: number of updated asset objects reloaded= 0
========================================================================
Received Prepare
Refreshing native plugins compatible for Editor in 5.88 ms, found 4 plugins.
Preloading 1 native plugins for Editor in 0.14 ms.
Unloading 13 Unused Serialized files (Serialized files now loaded: 0)
Unloading 6964 unused Assets / (4.7 MB). Loaded Objects now: 7698.
Memory consumption went from 156.7 MB to 152.0 MB.
Total: 16.016800 ms (FindLiveObjects: 1.560700 ms CreateObjectMapping: 1.495800 ms MarkObjects: 9.076100 ms  DeleteObjects: 3.881900 ms)

Prepare: number of updated asset objects reloaded= 0
========================================================================
Received Import Request.
  Time since last request: 177180.092048 seconds.
  path: Assets/Revisione/Scripts/AgentsData/AgentData.cs
  artifactKey: Guid(edc0941508dc1ec43b019bb530d37762) Importer(815301076,1909f56bfc062723c751e8b465ee728b)
Start importing Assets/Revisione/Scripts/AgentsData/AgentData.cs using Guid(edc0941508dc1ec43b019bb530d37762) Importer(815301076,1909f56bfc062723c751e8b465ee728b) (PreviewImporter) -> (artifact id: 'e67bfdc5e8dff3ba733a868269c39230') in 0.0459463 seconds
Number of updated asset objects reloaded before import = 0Number of asset objects unloaded after import = 0

========================================================================
Received Prepare
Begin MonoManager ReloadAssembly
Symbol file LoadedFromMemory is not a mono symbol file
- Loaded All Assemblies, in  0.871 seconds
Refreshing native plugins compatible for Editor in 3.64 ms, found 4 plugins.
Native extension for WindowsStandalone target not found
Mono: successfully reloaded assembly
- Finished resetting the current domain, in  1.019 seconds
Domain Reload Profiling: 1890ms
	BeginReloadAssembly (265ms)
		ExecutionOrderSort (0ms)
		DisableScriptedObjects (9ms)
		BackupInstance (0ms)
		ReleaseScriptingObjects (0ms)
		CreateAndSetChildDomain (75ms)
	RebuildCommonClasses (37ms)
	RebuildNativeTypeToScriptingClass (11ms)
	initialDomainReloadingComplete (30ms)
	LoadAllAssembliesAndSetupDomain (528ms)
		LoadAssemblies (409ms)
		RebuildTransferFunctionScriptingTraits (0ms)
		AnalyzeDomain (248ms)
			TypeCache.Refresh (9ms)
				TypeCache.ScanAssembly (0ms)
			BuildScriptInfoCaches (223ms)
			ResolveRequiredComponents (11ms)
	FinalizeReload (1020ms)
		ReleaseScriptCaches (0ms)
		RebuildScriptCaches (0ms)
		SetupLoadedEditorAssemblies (806ms)
			LogAssemblyErrors (0ms)
			InitializePlatformSupportModulesInManaged (2ms)
			SetLoadedEditorAssemblies (3ms)
			BeforeProcessingInitializeOnLoad (146ms)
			ProcessInitializeOnLoadAttributes (363ms)
			ProcessInitializeOnLoadMethodAttributes (280ms)
			AfterProcessingInitializeOnLoad (12ms)
			EditorAssembliesLoaded (0ms)
		ExecutionOrderSort2 (0ms)
		AwakeInstancesAfterBackupRestoration (21ms)
Refreshing native plugins compatible for Editor in 4.20 ms, found 4 plugins.
Preloading 1 native plugins for Editor in 0.14 ms.
Unloading 13 Unused Serialized files (Serialized files now loaded: 0)
Unloading 6979 unused Assets / (4.2 MB). Loaded Objects now: 7702.
Memory consumption went from 157.1 MB to 152.8 MB.
Total: 11.472300 ms (FindLiveObjects: 0.847400 ms CreateObjectMapping: 0.614200 ms MarkObjects: 7.504200 ms  DeleteObjects: 2.505300 ms)

Prepare: number of updated asset objects reloaded= 0
========================================================================
Received Import Request.
  Time since last request: 5.948262 seconds.
  path: Assets/Revisione/Scripts/AgentsData/AgentData.cs
  artifactKey: Guid(edc0941508dc1ec43b019bb530d37762) Importer(815301076,1909f56bfc062723c751e8b465ee728b)
Start importing Assets/Revisione/Scripts/AgentsData/AgentData.cs using Guid(edc0941508dc1ec43b019bb530d37762) Importer(815301076,1909f56bfc062723c751e8b465ee728b) (PreviewImporter) -> (artifact id: 'f3fae5c6bf44009f1d03fdc3bfad81ca') in 0.0076384 seconds
Number of updated asset objects reloaded before import = 0Number of asset objects unloaded after import = 0

========================================================================
Received Prepare
Refreshing native plugins compatible for Editor in 14.00 ms, found 4 plugins.
Preloading 1 native plugins for Editor in 0.19 ms.
Unloading 13 Unused Serialized files (Serialized files now loaded: 0)
Unloading 6964 unused Assets / (5.2 MB). Loaded Objects now: 7702.
Memory consumption went from 157.2 MB to 152.1 MB.
Total: 24.820100 ms (FindLiveObjects: 1.462400 ms CreateObjectMapping: 1.609500 ms MarkObjects: 12.465500 ms  DeleteObjects: 9.280500 ms)

Prepare: number of updated asset objects reloaded= 0
========================================================================
Received Prepare
Begin MonoManager ReloadAssembly
Symbol file LoadedFromMemory is not a mono symbol file
- Loaded All Assemblies, in  0.945 seconds
Refreshing native plugins compatible for Editor in 2.10 ms, found 4 plugins.
Native extension for WindowsStandalone target not found
Mono: successfully reloaded assembly
- Finished resetting the current domain, in  0.900 seconds
Domain Reload Profiling: 1837ms
	BeginReloadAssembly (284ms)
		ExecutionOrderSort (0ms)
		DisableScriptedObjects (9ms)
		BackupInstance (0ms)
		ReleaseScriptingObjects (0ms)
		CreateAndSetChildDomain (69ms)
	RebuildCommonClasses (50ms)
	RebuildNativeTypeToScriptingClass (18ms)
	initialDomainReloadingComplete (45ms)
	LoadAllAssembliesAndSetupDomain (541ms)
		LoadAssemblies (467ms)
		RebuildTransferFunctionScriptingTraits (0ms)
		AnalyzeDomain (226ms)
			TypeCache.Refresh (24ms)
				TypeCache.ScanAssembly (12ms)
			BuildScriptInfoCaches (189ms)
			ResolveRequiredComponents (9ms)
	FinalizeReload (901ms)
		ReleaseScriptCaches (0ms)
		RebuildScriptCaches (0ms)
		SetupLoadedEditorAssemblies (700ms)
			LogAssemblyErrors (0ms)
			InitializePlatformSupportModulesInManaged (2ms)
			SetLoadedEditorAssemblies (3ms)
			BeforeProcessingInitializeOnLoad (155ms)
			ProcessInitializeOnLoadAttributes (312ms)
			ProcessInitializeOnLoadMethodAttributes (221ms)
			AfterProcessingInitializeOnLoad (5ms)
			EditorAssembliesLoaded (0ms)
		ExecutionOrderSort2 (0ms)
		AwakeInstancesAfterBackupRestoration (10ms)
Refreshing native plugins compatible for Editor in 1.84 ms, found 4 plugins.
Preloading 1 native plugins for Editor in 0.07 ms.
Unloading 13 Unused Serialized files (Serialized files now loaded: 0)
Unloading 6979 unused Assets / (4.5 MB). Loaded Objects now: 7704.
Memory consumption went from 157.1 MB to 152.6 MB.
Total: 8.181400 ms (FindLiveObjects: 0.551700 ms CreateObjectMapping: 0.867100 ms MarkObjects: 4.845900 ms  DeleteObjects: 1.916000 ms)

Prepare: number of updated asset objects reloaded= 0
========================================================================
Received Prepare
Refreshing native plugins compatible for Editor in 2.02 ms, found 4 plugins.
Preloading 1 native plugins for Editor in 0.11 ms.
Unloading 13 Unused Serialized files (Serialized files now loaded: 0)
Unloading 6964 unused Assets / (4.1 MB). Loaded Objects now: 7704.
Memory consumption went from 157.2 MB to 153.2 MB.
Total: 17.258000 ms (FindLiveObjects: 0.667900 ms CreateObjectMapping: 0.620800 ms MarkObjects: 6.947700 ms  DeleteObjects: 9.020000 ms)

Prepare: number of updated asset objects reloaded= 0
========================================================================
Received Prepare
Begin MonoManager ReloadAssembly
Symbol file LoadedFromMemory is not a mono symbol file
- Loaded All Assemblies, in  0.933 seconds
Refreshing native plugins compatible for Editor in 2.29 ms, found 4 plugins.
Native extension for WindowsStandalone target not found
Mono: successfully reloaded assembly
- Finished resetting the current domain, in  1.033 seconds
Domain Reload Profiling: 1959ms
	BeginReloadAssembly (284ms)
		ExecutionOrderSort (0ms)
		DisableScriptedObjects (6ms)
		BackupInstance (0ms)
		ReleaseScriptingObjects (0ms)
		CreateAndSetChildDomain (71ms)
	RebuildCommonClasses (50ms)
	RebuildNativeTypeToScriptingClass (19ms)
	initialDomainReloadingComplete (42ms)
	LoadAllAssembliesAndSetupDomain (530ms)
		LoadAssemblies (449ms)
		RebuildTransferFunctionScriptingTraits (0ms)
		AnalyzeDomain (227ms)
			TypeCache.Refresh (23ms)
				TypeCache.ScanAssembly (13ms)
			BuildScriptInfoCaches (186ms)
			ResolveRequiredComponents (15ms)
	FinalizeReload (1034ms)
		ReleaseScriptCaches (0ms)
		RebuildScriptCaches (0ms)
		SetupLoadedEditorAssemblies (848ms)
			LogAssemblyErrors (0ms)
			InitializePlatformSupportModulesInManaged (2ms)
			SetLoadedEditorAssemblies (3ms)
			BeforeProcessingInitializeOnLoad (181ms)
			ProcessInitializeOnLoadAttributes (378ms)
			ProcessInitializeOnLoadMethodAttributes (280ms)
			AfterProcessingInitializeOnLoad (5ms)
			EditorAssembliesLoaded (0ms)
		ExecutionOrderSort2 (0ms)
		AwakeInstancesAfterBackupRestoration (11ms)
Refreshing native plugins compatible for Editor in 1.79 ms, found 4 plugins.
Preloading 1 native plugins for Editor in 0.08 ms.
Unloading 13 Unused Serialized files (Serialized files now loaded: 0)
Unloading 6979 unused Assets / (4.6 MB). Loaded Objects now: 7706.
Memory consumption went from 157.1 MB to 152.5 MB.
Total: 9.261600 ms (FindLiveObjects: 0.538700 ms CreateObjectMapping: 0.525900 ms MarkObjects: 5.511600 ms  DeleteObjects: 2.684100 ms)

Prepare: number of updated asset objects reloaded= 0
========================================================================
Received Prepare
Refreshing native plugins compatible for Editor in 1.97 ms, found 4 plugins.
Preloading 1 native plugins for Editor in 0.09 ms.
Unloading 13 Unused Serialized files (Serialized files now loaded: 0)
Unloading 6965 unused Assets / (4.5 MB). Loaded Objects now: 7707.
Memory consumption went from 157.2 MB to 152.7 MB.
Total: 11.193100 ms (FindLiveObjects: 0.669300 ms CreateObjectMapping: 0.622000 ms MarkObjects: 7.710500 ms  DeleteObjects: 2.189000 ms)

Prepare: number of updated asset objects reloaded= 0
========================================================================
Received Prepare
Begin MonoManager ReloadAssembly
Symbol file LoadedFromMemory is not a mono symbol file
- Loaded All Assemblies, in  0.695 seconds
Refreshing native plugins compatible for Editor in 2.91 ms, found 4 plugins.
Native extension for WindowsStandalone target not found
Mono: successfully reloaded assembly
- Finished resetting the current domain, in  0.831 seconds
Domain Reload Profiling: 1524ms
	BeginReloadAssembly (193ms)
		ExecutionOrderSort (0ms)
		DisableScriptedObjects (5ms)
		BackupInstance (0ms)
		ReleaseScriptingObjects (0ms)
		CreateAndSetChildDomain (46ms)
	RebuildCommonClasses (34ms)
	RebuildNativeTypeToScriptingClass (10ms)
	initialDomainReloadingComplete (36ms)
	LoadAllAssembliesAndSetupDomain (419ms)
		LoadAssemblies (347ms)
		RebuildTransferFunctionScriptingTraits (0ms)
		AnalyzeDomain (171ms)
			TypeCache.Refresh (9ms)
				TypeCache.ScanAssembly (0ms)
			BuildScriptInfoCaches (150ms)
			ResolveRequiredComponents (8ms)
	FinalizeReload (831ms)
		ReleaseScriptCaches (0ms)
		RebuildScriptCaches (0ms)
		SetupLoadedEditorAssemblies (674ms)
			LogAssemblyErrors (0ms)
			InitializePlatformSupportModulesInManaged (2ms)
			SetLoadedEditorAssemblies (3ms)
			BeforeProcessingInitializeOnLoad (117ms)
			ProcessInitializeOnLoadAttributes (278ms)
			ProcessInitializeOnLoadMethodAttributes (269ms)
			AfterProcessingInitializeOnLoad (5ms)
			EditorAssembliesLoaded (0ms)
		ExecutionOrderSort2 (0ms)
		AwakeInstancesAfterBackupRestoration (12ms)
Refreshing native plugins compatible for Editor in 1.68 ms, found 4 plugins.
Preloading 1 native plugins for Editor in 0.07 ms.
Unloading 13 Unused Serialized files (Serialized files now loaded: 0)
Unloading 6980 unused Assets / (4.1 MB). Loaded Objects now: 7709.
Memory consumption went from 157.1 MB to 153.0 MB.
Total: 7.420300 ms (FindLiveObjects: 0.523300 ms CreateObjectMapping: 0.486900 ms MarkObjects: 4.718500 ms  DeleteObjects: 1.691000 ms)

Prepare: number of updated asset objects reloaded= 0
========================================================================
Received Prepare
Refreshing native plugins compatible for Editor in 1.94 ms, found 4 plugins.
Preloading 1 native plugins for Editor in 0.09 ms.
Unloading 13 Unused Serialized files (Serialized files now loaded: 0)
Unloading 6965 unused Assets / (4.4 MB). Loaded Objects now: 7709.
Memory consumption went from 157.2 MB to 152.8 MB.
Total: 11.852700 ms (FindLiveObjects: 0.586700 ms CreateObjectMapping: 0.565700 ms MarkObjects: 6.293600 ms  DeleteObjects: 4.405400 ms)

Prepare: number of updated asset objects reloaded= 0
========================================================================
Received Prepare
Refreshing native plugins compatible for Editor in 3.04 ms, found 4 plugins.
Preloading 1 native plugins for Editor in 0.09 ms.
Unloading 13 Unused Serialized files (Serialized files now loaded: 0)
Unloading 6965 unused Assets / (4.7 MB). Loaded Objects now: 7709.
Memory consumption went from 157.2 MB to 152.5 MB.
Total: 10.359600 ms (FindLiveObjects: 0.927000 ms CreateObjectMapping: 0.707100 ms MarkObjects: 5.729000 ms  DeleteObjects: 2.994400 ms)

Prepare: number of updated asset objects reloaded= 0
========================================================================
Received Prepare
Begin MonoManager ReloadAssembly
Symbol file LoadedFromMemory is not a mono symbol file
- Loaded All Assemblies, in  0.703 seconds
Refreshing native plugins compatible for Editor in 1.79 ms, found 4 plugins.
Native extension for WindowsStandalone target not found
Mono: successfully reloaded assembly
- Finished resetting the current domain, in  0.759 seconds
Domain Reload Profiling: 1462ms
	BeginReloadAssembly (198ms)
		ExecutionOrderSort (0ms)
		DisableScriptedObjects (5ms)
		BackupInstance (0ms)
		ReleaseScriptingObjects (0ms)
		CreateAndSetChildDomain (48ms)
	RebuildCommonClasses (33ms)
	RebuildNativeTypeToScriptingClass (11ms)
	initialDomainReloadingComplete (29ms)
	LoadAllAssembliesAndSetupDomain (430ms)
		LoadAssemblies (353ms)
		RebuildTransferFunctionScriptingTraits (0ms)
		AnalyzeDomain (179ms)
			TypeCache.Refresh (9ms)
				TypeCache.ScanAssembly (0ms)
			BuildScriptInfoCaches (158ms)
			ResolveRequiredComponents (9ms)
	FinalizeReload (760ms)
		ReleaseScriptCaches (0ms)
		RebuildScriptCaches (0ms)
		SetupLoadedEditorAssemblies (605ms)
			LogAssemblyErrors (0ms)
			InitializePlatformSupportModulesInManaged (2ms)
			SetLoadedEditorAssemblies (3ms)
			BeforeProcessingInitializeOnLoad (110ms)
			ProcessInitializeOnLoadAttributes (269ms)
			ProcessInitializeOnLoadMethodAttributes (217ms)
			AfterProcessingInitializeOnLoad (4ms)
			EditorAssembliesLoaded (0ms)
		ExecutionOrderSort2 (0ms)
		AwakeInstancesAfterBackupRestoration (12ms)
Refreshing native plugins compatible for Editor in 1.80 ms, found 4 plugins.
Preloading 1 native plugins for Editor in 0.07 ms.
Unloading 13 Unused Serialized files (Serialized files now loaded: 0)
Unloading 6980 unused Assets / (4.1 MB). Loaded Objects now: 7711.
Memory consumption went from 161.0 MB to 156.9 MB.
Total: 8.548200 ms (FindLiveObjects: 0.790600 ms CreateObjectMapping: 0.728800 ms MarkObjects: 4.948200 ms  DeleteObjects: 2.079900 ms)

Prepare: number of updated asset objects reloaded= 0
========================================================================
Received Prepare
Refreshing native plugins compatible for Editor in 2.19 ms, found 4 plugins.
Preloading 1 native plugins for Editor in 0.09 ms.
Unloading 13 Unused Serialized files (Serialized files now loaded: 0)
Unloading 6965 unused Assets / (4.6 MB). Loaded Objects now: 7711.
Memory consumption went from 161.1 MB to 156.5 MB.
Total: 9.406100 ms (FindLiveObjects: 0.603400 ms CreateObjectMapping: 0.579100 ms MarkObjects: 5.782400 ms  DeleteObjects: 2.439700 ms)

Prepare: number of updated asset objects reloaded= 0
========================================================================
Received Prepare
Begin MonoManager ReloadAssembly
Symbol file LoadedFromMemory is not a mono symbol file
- Loaded All Assemblies, in  0.755 seconds
Refreshing native plugins compatible for Editor in 2.12 ms, found 4 plugins.
Native extension for WindowsStandalone target not found
Mono: successfully reloaded assembly
- Finished resetting the current domain, in  0.823 seconds
Domain Reload Profiling: 1577ms
	BeginReloadAssembly (215ms)
		ExecutionOrderSort (0ms)
		DisableScriptedObjects (4ms)
		BackupInstance (0ms)
		ReleaseScriptingObjects (0ms)
		CreateAndSetChildDomain (51ms)
	RebuildCommonClasses (34ms)
	RebuildNativeTypeToScriptingClass (13ms)
	initialDomainReloadingComplete (34ms)
	LoadAllAssembliesAndSetupDomain (457ms)
		LoadAssemblies (390ms)
		RebuildTransferFunctionScriptingTraits (0ms)
		AnalyzeDomain (184ms)
			TypeCache.Refresh (9ms)
				TypeCache.ScanAssembly (0ms)
			BuildScriptInfoCaches (163ms)
			ResolveRequiredComponents (9ms)
	FinalizeReload (823ms)
		ReleaseScriptCaches (0ms)
		RebuildScriptCaches (0ms)
		SetupLoadedEditorAssemblies (668ms)
			LogAssemblyErrors (0ms)
			InitializePlatformSupportModulesInManaged (2ms)
			SetLoadedEditorAssemblies (3ms)
			BeforeProcessingInitializeOnLoad (122ms)
			ProcessInitializeOnLoadAttributes (298ms)
			ProcessInitializeOnLoadMethodAttributes (239ms)
			AfterProcessingInitializeOnLoad (4ms)
			EditorAssembliesLoaded (0ms)
		ExecutionOrderSort2 (0ms)
		AwakeInstancesAfterBackupRestoration (10ms)
Refreshing native plugins compatible for Editor in 1.75 ms, found 4 plugins.
Preloading 1 native plugins for Editor in 0.08 ms.
Unloading 13 Unused Serialized files (Serialized files now loaded: 0)
Unloading 6980 unused Assets / (4.4 MB). Loaded Objects now: 7713.
Memory consumption went from 161.0 MB to 156.5 MB.
Total: 7.839200 ms (FindLiveObjects: 0.526100 ms CreateObjectMapping: 0.483800 ms MarkObjects: 4.912000 ms  DeleteObjects: 1.916200 ms)

Prepare: number of updated asset objects reloaded= 0
========================================================================
Received Prepare
Begin MonoManager ReloadAssembly
Symbol file LoadedFromMemory is not a mono symbol file
- Loaded All Assemblies, in  0.659 seconds
Refreshing native plugins compatible for Editor in 1.98 ms, found 4 plugins.
Native extension for WindowsStandalone target not found
Mono: successfully reloaded assembly
- Finished resetting the current domain, in  0.890 seconds
Domain Reload Profiling: 1549ms
	BeginReloadAssembly (183ms)
		ExecutionOrderSort (0ms)
		DisableScriptedObjects (5ms)
		BackupInstance (0ms)
		ReleaseScriptingObjects (0ms)
		CreateAndSetChildDomain (49ms)
	RebuildCommonClasses (31ms)
	RebuildNativeTypeToScriptingClass (9ms)
	initialDomainReloadingComplete (27ms)
	LoadAllAssembliesAndSetupDomain (409ms)
		LoadAssemblies (326ms)
		RebuildTransferFunctionScriptingTraits (0ms)
		AnalyzeDomain (171ms)
			TypeCache.Refresh (6ms)
				TypeCache.ScanAssembly (0ms)
			BuildScriptInfoCaches (152ms)
			ResolveRequiredComponents (10ms)
	FinalizeReload (890ms)
		ReleaseScriptCaches (0ms)
		RebuildScriptCaches (0ms)
		SetupLoadedEditorAssemblies (708ms)
			LogAssemblyErrors (0ms)
			InitializePlatformSupportModulesInManaged (2ms)
			SetLoadedEditorAssemblies (3ms)
			BeforeProcessingInitializeOnLoad (122ms)
			ProcessInitializeOnLoadAttributes (317ms)
			ProcessInitializeOnLoadMethodAttributes (259ms)
			AfterProcessingInitializeOnLoad (6ms)
			EditorAssembliesLoaded (0ms)
		ExecutionOrderSort2 (0ms)
		AwakeInstancesAfterBackupRestoration (12ms)
Refreshing native plugins compatible for Editor in 1.66 ms, found 4 plugins.
Preloading 1 native plugins for Editor in 0.08 ms.
Unloading 13 Unused Serialized files (Serialized files now loaded: 0)
Unloading 6980 unused Assets / (4.7 MB). Loaded Objects now: 7715.
Memory consumption went from 161.0 MB to 156.3 MB.
Total: 8.812800 ms (FindLiveObjects: 0.523400 ms CreateObjectMapping: 0.583100 ms MarkObjects: 5.271200 ms  DeleteObjects: 2.433700 ms)

Prepare: number of updated asset objects reloaded= 0
========================================================================
Received Prepare
Begin MonoManager ReloadAssembly
Symbol file LoadedFromMemory is not a mono symbol file
- Loaded All Assemblies, in  0.676 seconds
Refreshing native plugins compatible for Editor in 1.93 ms, found 4 plugins.
Native extension for WindowsStandalone target not found
Mono: successfully reloaded assembly
- Finished resetting the current domain, in  0.913 seconds
Domain Reload Profiling: 1588ms
	BeginReloadAssembly (186ms)
		ExecutionOrderSort (0ms)
		DisableScriptedObjects (6ms)
		BackupInstance (0ms)
		ReleaseScriptingObjects (0ms)
		CreateAndSetChildDomain (49ms)
	RebuildCommonClasses (29ms)
	RebuildNativeTypeToScriptingClass (10ms)
	initialDomainReloadingComplete (29ms)
	LoadAllAssembliesAndSetupDomain (421ms)
		LoadAssemblies (326ms)
		RebuildTransferFunctionScriptingTraits (0ms)
		AnalyzeDomain (184ms)
			TypeCache.Refresh (7ms)
				TypeCache.ScanAssembly (0ms)
			BuildScriptInfoCaches (165ms)
			ResolveRequiredComponents (9ms)
	FinalizeReload (913ms)
		ReleaseScriptCaches (0ms)
		RebuildScriptCaches (0ms)
		SetupLoadedEditorAssemblies (739ms)
			LogAssemblyErrors (0ms)
			InitializePlatformSupportModulesInManaged (2ms)
			SetLoadedEditorAssemblies (3ms)
			BeforeProcessingInitializeOnLoad (136ms)
			ProcessInitializeOnLoadAttributes (324ms)
			ProcessInitializeOnLoadMethodAttributes (268ms)
			AfterProcessingInitializeOnLoad (5ms)
			EditorAssembliesLoaded (0ms)
		ExecutionOrderSort2 (0ms)
		AwakeInstancesAfterBackupRestoration (12ms)
Refreshing native plugins compatible for Editor in 1.84 ms, found 4 plugins.
Preloading 1 native plugins for Editor in 0.07 ms.
Unloading 13 Unused Serialized files (Serialized files now loaded: 0)
Unloading 6980 unused Assets / (4.5 MB). Loaded Objects now: 7717.
Memory consumption went from 161.0 MB to 156.5 MB.
Total: 8.455300 ms (FindLiveObjects: 0.606700 ms CreateObjectMapping: 0.552600 ms MarkObjects: 5.140200 ms  DeleteObjects: 2.154700 ms)

Prepare: number of updated asset objects reloaded= 0
========================================================================
Received Prepare
Refreshing native plugins compatible for Editor in 2.26 ms, found 4 plugins.
Preloading 1 native plugins for Editor in 0.13 ms.
Unloading 13 Unused Serialized files (Serialized files now loaded: 0)
Unloading 6966 unused Assets / (4.5 MB). Loaded Objects now: 7718.
Memory consumption went from 161.1 MB to 156.6 MB.
Total: 12.825200 ms (FindLiveObjects: 0.692000 ms CreateObjectMapping: 0.957400 ms MarkObjects: 7.793100 ms  DeleteObjects: 3.380900 ms)

Prepare: number of updated asset objects reloaded= 0
========================================================================
Received Prepare
Begin MonoManager ReloadAssembly
Symbol file LoadedFromMemory is not a mono symbol file
- Loaded All Assemblies, in  0.745 seconds
Refreshing native plugins compatible for Editor in 3.02 ms, found 4 plugins.
Native extension for WindowsStandalone target not found
Mono: successfully reloaded assembly
- Finished resetting the current domain, in  0.790 seconds
Domain Reload Profiling: 1535ms
	BeginReloadAssembly (190ms)
		ExecutionOrderSort (0ms)
		DisableScriptedObjects (5ms)
		BackupInstance (0ms)
		ReleaseScriptingObjects (0ms)
		CreateAndSetChildDomain (47ms)
	RebuildCommonClasses (34ms)
	RebuildNativeTypeToScriptingClass (10ms)
	initialDomainReloadingComplete (25ms)
	LoadAllAssembliesAndSetupDomain (485ms)
		LoadAssemblies (363ms)
		RebuildTransferFunctionScriptingTraits (0ms)
		AnalyzeDomain (216ms)
			TypeCache.Refresh (14ms)
				TypeCache.ScanAssembly (1ms)
			BuildScriptInfoCaches (189ms)
			ResolveRequiredComponents (9ms)
	FinalizeReload (791ms)
		ReleaseScriptCaches (0ms)
		RebuildScriptCaches (0ms)
		SetupLoadedEditorAssemblies (613ms)
			LogAssemblyErrors (0ms)
			InitializePlatformSupportModulesInManaged (2ms)
			SetLoadedEditorAssemblies (3ms)
			BeforeProcessingInitializeOnLoad (120ms)
			ProcessInitializeOnLoadAttributes (271ms)
			ProcessInitializeOnLoadMethodAttributes (213ms)
			AfterProcessingInitializeOnLoad (5ms)
			EditorAssembliesLoaded (0ms)
		ExecutionOrderSort2 (0ms)
		AwakeInstancesAfterBackupRestoration (12ms)
Refreshing native plugins compatible for Editor in 1.68 ms, found 4 plugins.
Preloading 1 native plugins for Editor in 0.08 ms.
Unloading 13 Unused Serialized files (Serialized files now loaded: 0)
Unloading 6981 unused Assets / (4.3 MB). Loaded Objects now: 7720.
Memory consumption went from 161.0 MB to 156.7 MB.
Total: 8.138900 ms (FindLiveObjects: 0.514100 ms CreateObjectMapping: 0.493600 ms MarkObjects: 5.228900 ms  DeleteObjects: 1.901200 ms)

Prepare: number of updated asset objects reloaded= 0
========================================================================
Received Prepare
Refreshing native plugins compatible for Editor in 2.29 ms, found 4 plugins.
Preloading 1 native plugins for Editor in 0.10 ms.
Unloading 13 Unused Serialized files (Serialized files now loaded: 0)
Unloading 6966 unused Assets / (4.8 MB). Loaded Objects now: 7720.
Memory consumption went from 161.1 MB to 156.3 MB.
Total: 9.164400 ms (FindLiveObjects: 0.587400 ms CreateObjectMapping: 0.535800 ms MarkObjects: 5.471200 ms  DeleteObjects: 2.568700 ms)

Prepare: number of updated asset objects reloaded= 0
========================================================================
Received Prepare
Begin MonoManager ReloadAssembly
Symbol file LoadedFromMemory is not a mono symbol file
- Loaded All Assemblies, in  0.698 seconds
Refreshing native plugins compatible for Editor in 2.28 ms, found 4 plugins.
Native extension for WindowsStandalone target not found
Mono: successfully reloaded assembly
- Finished resetting the current domain, in  0.788 seconds
Domain Reload Profiling: 1487ms
	BeginReloadAssembly (179ms)
		ExecutionOrderSort (0ms)
		DisableScriptedObjects (5ms)
		BackupInstance (0ms)
		ReleaseScriptingObjects (0ms)
		CreateAndSetChildDomain (43ms)
	RebuildCommonClasses (33ms)
	RebuildNativeTypeToScriptingClass (11ms)
	initialDomainReloadingComplete (27ms)
	LoadAllAssembliesAndSetupDomain (449ms)
		LoadAssemblies (340ms)
		RebuildTransferFunctionScriptingTraits (0ms)
		AnalyzeDomain (200ms)
			TypeCache.Refresh (11ms)
				TypeCache.ScanAssembly (1ms)
			BuildScriptInfoCaches (176ms)
			ResolveRequiredComponents (10ms)
	FinalizeReload (788ms)
		ReleaseScriptCaches (0ms)
		RebuildScriptCaches (0ms)
		SetupLoadedEditorAssemblies (607ms)
			LogAssemblyErrors (0ms)
			InitializePlatformSupportModulesInManaged (2ms)
			SetLoadedEditorAssemblies (3ms)
			BeforeProcessingInitializeOnLoad (113ms)
			ProcessInitializeOnLoadAttributes (271ms)
			ProcessInitializeOnLoadMethodAttributes (213ms)
			AfterProcessingInitializeOnLoad (5ms)
			EditorAssembliesLoaded (0ms)
		ExecutionOrderSort2 (0ms)
		AwakeInstancesAfterBackupRestoration (10ms)
Refreshing native plugins compatible for Editor in 1.65 ms, found 4 plugins.
Preloading 1 native plugins for Editor in 0.07 ms.
Unloading 13 Unused Serialized files (Serialized files now loaded: 0)
Unloading 6981 unused Assets / (4.2 MB). Loaded Objects now: 7722.
Memory consumption went from 161.0 MB to 156.8 MB.
Total: 7.325000 ms (FindLiveObjects: 0.508700 ms CreateObjectMapping: 0.482200 ms MarkObjects: 4.671600 ms  DeleteObjects: 1.661900 ms)

Prepare: number of updated asset objects reloaded= 0
========================================================================
Received Prepare
Refreshing native plugins compatible for Editor in 2.65 ms, found 4 plugins.
Preloading 1 native plugins for Editor in 0.09 ms.
Unloading 13 Unused Serialized files (Serialized files now loaded: 0)
Unloading 6966 unused Assets / (4.3 MB). Loaded Objects now: 7722.
Memory consumption went from 161.1 MB to 156.8 MB.
Total: 25.271700 ms (FindLiveObjects: 0.532600 ms CreateObjectMapping: 0.507100 ms MarkObjects: 22.138500 ms  DeleteObjects: 2.092100 ms)

Prepare: number of updated asset objects reloaded= 0
========================================================================
Received Prepare
Refreshing native plugins compatible for Editor in 4.06 ms, found 4 plugins.
Preloading 1 native plugins for Editor in 0.10 ms.
Unloading 13 Unused Serialized files (Serialized files now loaded: 0)
Unloading 6966 unused Assets / (4.6 MB). Loaded Objects now: 7722.
Memory consumption went from 161.1 MB to 156.5 MB.
Total: 10.639400 ms (FindLiveObjects: 0.642000 ms CreateObjectMapping: 0.674800 ms MarkObjects: 6.869400 ms  DeleteObjects: 2.451300 ms)

Prepare: number of updated asset objects reloaded= 0
========================================================================
Received Prepare
Refreshing native plugins compatible for Editor in 3.73 ms, found 4 plugins.
Preloading 1 native plugins for Editor in 0.14 ms.
Unloading 13 Unused Serialized files (Serialized files now loaded: 0)
Unloading 6966 unused Assets / (4.2 MB). Loaded Objects now: 7722.
Memory consumption went from 161.1 MB to 156.9 MB.
Total: 12.202200 ms (FindLiveObjects: 0.695000 ms CreateObjectMapping: 0.696500 ms MarkObjects: 7.783300 ms  DeleteObjects: 3.025300 ms)

Prepare: number of updated asset objects reloaded= 0
========================================================================
Received Prepare
Refreshing native plugins compatible for Editor in 4.37 ms, found 4 plugins.
Preloading 1 native plugins for Editor in 0.15 ms.
Unloading 13 Unused Serialized files (Serialized files now loaded: 0)
Unloading 6966 unused Assets / (4.6 MB). Loaded Objects now: 7722.
Memory consumption went from 161.1 MB to 156.5 MB.
Total: 12.455800 ms (FindLiveObjects: 0.927500 ms CreateObjectMapping: 0.657700 ms MarkObjects: 7.650600 ms  DeleteObjects: 3.218400 ms)

Prepare: number of updated asset objects reloaded= 0
========================================================================
Received Prepare
Refreshing native plugins compatible for Editor in 8.18 ms, found 4 plugins.
Preloading 1 native plugins for Editor in 0.35 ms.
Unloading 13 Unused Serialized files (Serialized files now loaded: 0)
Unloading 6966 unused Assets / (4.6 MB). Loaded Objects now: 7722.
Memory consumption went from 161.2 MB to 156.6 MB.
Total: 15.220100 ms (FindLiveObjects: 0.993800 ms CreateObjectMapping: 0.817200 ms MarkObjects: 8.035600 ms  DeleteObjects: 5.371700 ms)

Prepare: number of updated asset objects reloaded= 0
========================================================================
Received Prepare
Refreshing native plugins compatible for Editor in 4.65 ms, found 4 plugins.
Preloading 1 native plugins for Editor in 0.15 ms.
Unloading 13 Unused Serialized files (Serialized files now loaded: 0)
Unloading 6966 unused Assets / (4.3 MB). Loaded Objects now: 7722.
Memory consumption went from 161.2 MB to 156.9 MB.
Total: 13.607000 ms (FindLiveObjects: 1.014500 ms CreateObjectMapping: 0.862400 ms MarkObjects: 9.000100 ms  DeleteObjects: 2.728400 ms)

Prepare: number of updated asset objects reloaded= 0
========================================================================
Received Prepare
Refreshing native plugins compatible for Editor in 4.48 ms, found 4 plugins.
Preloading 1 native plugins for Editor in 0.19 ms.
Unloading 13 Unused Serialized files (Serialized files now loaded: 0)
Unloading 6966 unused Assets / (3.8 MB). Loaded Objects now: 7722.
Memory consumption went from 161.2 MB to 157.4 MB.
Total: 11.038400 ms (FindLiveObjects: 0.854100 ms CreateObjectMapping: 0.545900 ms MarkObjects: 7.498600 ms  DeleteObjects: 2.138300 ms)

Prepare: number of updated asset objects reloaded= 0
========================================================================
Received Prepare
Refreshing native plugins compatible for Editor in 4.75 ms, found 4 plugins.
Preloading 1 native plugins for Editor in 0.14 ms.
Unloading 13 Unused Serialized files (Serialized files now loaded: 0)
Unloading 6966 unused Assets / (4.2 MB). Loaded Objects now: 7722.
Memory consumption went from 161.2 MB to 157.0 MB.
Total: 12.630400 ms (FindLiveObjects: 0.981800 ms CreateObjectMapping: 0.869900 ms MarkObjects: 8.278600 ms  DeleteObjects: 2.498600 ms)

Prepare: number of updated asset objects reloaded= 0
========================================================================
Received Prepare
Begin MonoManager ReloadAssembly
Symbol file LoadedFromMemory is not a mono symbol file
- Loaded All Assemblies, in  0.779 seconds
Refreshing native plugins compatible for Editor in 4.31 ms, found 4 plugins.
Native extension for WindowsStandalone target not found
Mono: successfully reloaded assembly
- Finished resetting the current domain, in  0.899 seconds
Domain Reload Profiling: 1676ms
	BeginReloadAssembly (208ms)
		ExecutionOrderSort (0ms)
		DisableScriptedObjects (5ms)
		BackupInstance (0ms)
		ReleaseScriptingObjects (0ms)
		CreateAndSetChildDomain (58ms)
	RebuildCommonClasses (32ms)
	RebuildNativeTypeToScriptingClass (11ms)
	initialDomainReloadingComplete (29ms)
	LoadAllAssembliesAndSetupDomain (498ms)
		LoadAssemblies (401ms)
		RebuildTransferFunctionScriptingTraits (0ms)
		AnalyzeDomain (198ms)
			TypeCache.Refresh (9ms)
				TypeCache.ScanAssembly (0ms)
			BuildScriptInfoCaches (176ms)
			ResolveRequiredComponents (9ms)
	FinalizeReload (899ms)
		ReleaseScriptCaches (0ms)
		RebuildScriptCaches (0ms)
		SetupLoadedEditorAssemblies (727ms)
			LogAssemblyErrors (0ms)
			InitializePlatformSupportModulesInManaged (3ms)
			SetLoadedEditorAssemblies (3ms)
			BeforeProcessingInitializeOnLoad (148ms)
			ProcessInitializeOnLoadAttributes (353ms)
			ProcessInitializeOnLoadMethodAttributes (216ms)
			AfterProcessingInitializeOnLoad (4ms)
			EditorAssembliesLoaded (0ms)
		ExecutionOrderSort2 (0ms)
		AwakeInstancesAfterBackupRestoration (13ms)
Refreshing native plugins compatible for Editor in 1.81 ms, found 4 plugins.
Preloading 1 native plugins for Editor in 0.07 ms.
Unloading 13 Unused Serialized files (Serialized files now loaded: 0)
Unloading 6981 unused Assets / (4.1 MB). Loaded Objects now: 7724.
Memory consumption went from 161.1 MB to 157.0 MB.
Total: 7.498700 ms (FindLiveObjects: 0.528000 ms CreateObjectMapping: 0.498400 ms MarkObjects: 4.765100 ms  DeleteObjects: 1.706200 ms)

Prepare: number of updated asset objects reloaded= 0
========================================================================
Received Prepare
Refreshing native plugins compatible for Editor in 4.14 ms, found 4 plugins.
Preloading 1 native plugins for Editor in 0.14 ms.
Unloading 13 Unused Serialized files (Serialized files now loaded: 0)
Unloading 6966 unused Assets / (4.0 MB). Loaded Objects now: 7724.
Memory consumption went from 161.2 MB to 157.2 MB.
Total: 11.154700 ms (FindLiveObjects: 0.849500 ms CreateObjectMapping: 0.510600 ms MarkObjects: 7.301500 ms  DeleteObjects: 2.490800 ms)

Prepare: number of updated asset objects reloaded= 0
========================================================================
Received Prepare
Begin MonoManager ReloadAssembly
Symbol file LoadedFromMemory is not a mono symbol file
- Loaded All Assemblies, in  0.800 seconds
Refreshing native plugins compatible for Editor in 2.12 ms, found 4 plugins.
Native extension for WindowsStandalone target not found
Mono: successfully reloaded assembly
- Finished resetting the current domain, in  0.926 seconds
Domain Reload Profiling: 1725ms
	BeginReloadAssembly (203ms)
		ExecutionOrderSort (0ms)
		DisableScriptedObjects (8ms)
		BackupInstance (0ms)
		ReleaseScriptingObjects (0ms)
		CreateAndSetChildDomain (53ms)
	RebuildCommonClasses (31ms)
	RebuildNativeTypeToScriptingClass (11ms)
	initialDomainReloadingComplete (29ms)
	LoadAllAssembliesAndSetupDomain (524ms)
		LoadAssemblies (404ms)
		RebuildTransferFunctionScriptingTraits (0ms)
		AnalyzeDomain (214ms)
			TypeCache.Refresh (9ms)
				TypeCache.ScanAssembly (0ms)
			BuildScriptInfoCaches (190ms)
			ResolveRequiredComponents (12ms)
	FinalizeReload (927ms)
		ReleaseScriptCaches (0ms)
		RebuildScriptCaches (0ms)
		SetupLoadedEditorAssemblies (751ms)
			LogAssemblyErrors (0ms)
			InitializePlatformSupportModulesInManaged (2ms)
			SetLoadedEditorAssemblies (3ms)
			BeforeProcessingInitializeOnLoad (131ms)
			ProcessInitializeOnLoadAttributes (385ms)
			ProcessInitializeOnLoadMethodAttributes (225ms)
			AfterProcessingInitializeOnLoad (5ms)
			EditorAssembliesLoaded (0ms)
		ExecutionOrderSort2 (0ms)
		AwakeInstancesAfterBackupRestoration (13ms)
Refreshing native plugins compatible for Editor in 1.78 ms, found 4 plugins.
Preloading 1 native plugins for Editor in 0.08 ms.
Unloading 13 Unused Serialized files (Serialized files now loaded: 0)
Unloading 6981 unused Assets / (4.4 MB). Loaded Objects now: 7726.
Memory consumption went from 161.1 MB to 156.7 MB.
Total: 8.110600 ms (FindLiveObjects: 0.530800 ms CreateObjectMapping: 0.517300 ms MarkObjects: 5.059300 ms  DeleteObjects: 2.002200 ms)

Prepare: number of updated asset objects reloaded= 0
========================================================================
Received Prepare
Refreshing native plugins compatible for Editor in 2.21 ms, found 4 plugins.
Preloading 1 native plugins for Editor in 0.09 ms.
Unloading 13 Unused Serialized files (Serialized files now loaded: 0)
Unloading 6966 unused Assets / (4.6 MB). Loaded Objects now: 7726.
Memory consumption went from 161.2 MB to 156.6 MB.
Total: 8.715400 ms (FindLiveObjects: 0.583300 ms CreateObjectMapping: 0.533800 ms MarkObjects: 5.439800 ms  DeleteObjects: 2.156900 ms)

Prepare: number of updated asset objects reloaded= 0
========================================================================
Received Prepare
Refreshing native plugins compatible for Editor in 1.88 ms, found 4 plugins.
Preloading 1 native plugins for Editor in 0.08 ms.
Unloading 13 Unused Serialized files (Serialized files now loaded: 0)
Unloading 6966 unused Assets / (4.3 MB). Loaded Objects now: 7726.
Memory consumption went from 161.2 MB to 156.9 MB.
Total: 8.306000 ms (FindLiveObjects: 0.597500 ms CreateObjectMapping: 0.549600 ms MarkObjects: 5.132900 ms  DeleteObjects: 2.024900 ms)

Prepare: number of updated asset objects reloaded= 0
========================================================================
Received Prepare
Refreshing native plugins compatible for Editor in 2.07 ms, found 4 plugins.
Preloading 1 native plugins for Editor in 0.08 ms.
Unloading 13 Unused Serialized files (Serialized files now loaded: 0)
Unloading 6966 unused Assets / (4.6 MB). Loaded Objects now: 7726.
Memory consumption went from 161.2 MB to 156.6 MB.
Total: 8.634300 ms (FindLiveObjects: 0.560900 ms CreateObjectMapping: 0.518600 ms MarkObjects: 5.202700 ms  DeleteObjects: 2.350800 ms)

Prepare: number of updated asset objects reloaded= 0
========================================================================
Received Prepare
Begin MonoManager ReloadAssembly
Symbol file LoadedFromMemory is not a mono symbol file
- Loaded All Assemblies, in  0.691 seconds
Refreshing native plugins compatible for Editor in 2.07 ms, found 4 plugins.
Native extension for WindowsStandalone target not found
Mono: successfully reloaded assembly
- Finished resetting the current domain, in  0.780 seconds
Domain Reload Profiling: 1469ms
	BeginReloadAssembly (181ms)
		ExecutionOrderSort (0ms)
		DisableScriptedObjects (5ms)
		BackupInstance (0ms)
		ReleaseScriptingObjects (0ms)
		CreateAndSetChildDomain (43ms)
	RebuildCommonClasses (30ms)
	RebuildNativeTypeToScriptingClass (13ms)
	initialDomainReloadingComplete (31ms)
	LoadAllAssembliesAndSetupDomain (434ms)
		LoadAssemblies (346ms)
		RebuildTransferFunctionScriptingTraits (0ms)
		AnalyzeDomain (182ms)
			TypeCache.Refresh (9ms)
				TypeCache.ScanAssembly (0ms)
			BuildScriptInfoCaches (158ms)
			ResolveRequiredComponents (11ms)
	FinalizeReload (780ms)
		ReleaseScriptCaches (0ms)
		RebuildScriptCaches (0ms)
		SetupLoadedEditorAssemblies (612ms)
			LogAssemblyErrors (0ms)
			InitializePlatformSupportModulesInManaged (2ms)
			SetLoadedEditorAssemblies (3ms)
			BeforeProcessingInitializeOnLoad (115ms)
			ProcessInitializeOnLoadAttributes (272ms)
			ProcessInitializeOnLoadMethodAttributes (216ms)
			AfterProcessingInitializeOnLoad (4ms)
			EditorAssembliesLoaded (0ms)
		ExecutionOrderSort2 (0ms)
		AwakeInstancesAfterBackupRestoration (10ms)
Refreshing native plugins compatible for Editor in 2.01 ms, found 4 plugins.
Preloading 1 native plugins for Editor in 0.08 ms.
Unloading 13 Unused Serialized files (Serialized files now loaded: 0)
Unloading 6981 unused Assets / (4.2 MB). Loaded Objects now: 7728.
Memory consumption went from 161.1 MB to 156.9 MB.
Total: 7.427000 ms (FindLiveObjects: 0.539800 ms CreateObjectMapping: 0.500400 ms MarkObjects: 4.712100 ms  DeleteObjects: 1.674000 ms)

Prepare: number of updated asset objects reloaded= 0
========================================================================
Received Prepare
Refreshing native plugins compatible for Editor in 2.32 ms, found 4 plugins.
Preloading 1 native plugins for Editor in 0.11 ms.
Unloading 13 Unused Serialized files (Serialized files now loaded: 0)
Unloading 6966 unused Assets / (4.9 MB). Loaded Objects now: 7728.
Memory consumption went from 161.2 MB to 156.3 MB.
Total: 11.046000 ms (FindLiveObjects: 0.593400 ms CreateObjectMapping: 0.570400 ms MarkObjects: 7.046800 ms  DeleteObjects: 2.834100 ms)

Prepare: number of updated asset objects reloaded= 0
========================================================================
Received Prepare
Refreshing native plugins compatible for Editor in 4.37 ms, found 4 plugins.
Preloading 1 native plugins for Editor in 0.39 ms.
Unloading 13 Unused Serialized files (Serialized files now loaded: 0)
Unloading 6966 unused Assets / (4.1 MB). Loaded Objects now: 7728.
Memory consumption went from 161.2 MB to 157.1 MB.
Total: 10.793100 ms (FindLiveObjects: 1.084500 ms CreateObjectMapping: 0.778400 ms MarkObjects: 6.341300 ms  DeleteObjects: 2.586800 ms)

Prepare: number of updated asset objects reloaded= 0
========================================================================
Received Prepare
Begin MonoManager ReloadAssembly
Symbol file LoadedFromMemory is not a mono symbol file
- Loaded All Assemblies, in  0.797 seconds
Refreshing native plugins compatible for Editor in 2.17 ms, found 4 plugins.
Native extension for WindowsStandalone target not found
Mono: successfully reloaded assembly
- Finished resetting the current domain, in  0.875 seconds
Domain Reload Profiling: 1672ms
	BeginReloadAssembly (226ms)
		ExecutionOrderSort (0ms)
		DisableScriptedObjects (7ms)
		BackupInstance (0ms)
		ReleaseScriptingObjects (0ms)
		CreateAndSetChildDomain (54ms)
	RebuildCommonClasses (34ms)
	RebuildNativeTypeToScriptingClass (10ms)
	initialDomainReloadingComplete (27ms)
	LoadAllAssembliesAndSetupDomain (499ms)
		LoadAssemblies (387ms)
		RebuildTransferFunctionScriptingTraits (0ms)
		AnalyzeDomain (228ms)
			TypeCache.Refresh (9ms)
				TypeCache.ScanAssembly (0ms)
			BuildScriptInfoCaches (205ms)
			ResolveRequiredComponents (12ms)
	FinalizeReload (876ms)
		ReleaseScriptCaches (0ms)
		RebuildScriptCaches (0ms)
		SetupLoadedEditorAssemblies (700ms)
			LogAssemblyErrors (0ms)
			InitializePlatformSupportModulesInManaged (3ms)
			SetLoadedEditorAssemblies (5ms)
			BeforeProcessingInitializeOnLoad (122ms)
			ProcessInitializeOnLoadAttributes (316ms)
			ProcessInitializeOnLoadMethodAttributes (250ms)
			AfterProcessingInitializeOnLoad (5ms)
			EditorAssembliesLoaded (0ms)
		ExecutionOrderSort2 (0ms)
		AwakeInstancesAfterBackupRestoration (12ms)
Refreshing native plugins compatible for Editor in 1.76 ms, found 4 plugins.
Preloading 1 native plugins for Editor in 0.08 ms.
Unloading 13 Unused Serialized files (Serialized files now loaded: 0)
Unloading 6981 unused Assets / (4.3 MB). Loaded Objects now: 7730.
Memory consumption went from 163.0 MB to 158.7 MB.
Total: 7.786600 ms (FindLiveObjects: 0.538200 ms CreateObjectMapping: 0.509000 ms MarkObjects: 4.880400 ms  DeleteObjects: 1.858000 ms)

Prepare: number of updated asset objects reloaded= 0
========================================================================
Received Prepare
Refreshing native plugins compatible for Editor in 4.34 ms, found 4 plugins.
Preloading 1 native plugins for Editor in 0.14 ms.
Unloading 13 Unused Serialized files (Serialized files now loaded: 0)
Unloading 6966 unused Assets / (4.8 MB). Loaded Objects now: 7730.
Memory consumption went from 163.2 MB to 158.4 MB.
Total: 15.032900 ms (FindLiveObjects: 0.950100 ms CreateObjectMapping: 0.850200 ms MarkObjects: 9.989300 ms  DeleteObjects: 3.241700 ms)

Prepare: number of updated asset objects reloaded= 0
========================================================================
Received Prepare
Refreshing native plugins compatible for Editor in 4.63 ms, found 4 plugins.
Preloading 1 native plugins for Editor in 0.14 ms.
Unloading 13 Unused Serialized files (Serialized files now loaded: 0)
Unloading 6966 unused Assets / (4.1 MB). Loaded Objects now: 7730.
Memory consumption went from 163.2 MB to 159.0 MB.
Total: 12.190500 ms (FindLiveObjects: 1.037400 ms CreateObjectMapping: 0.647200 ms MarkObjects: 7.704700 ms  DeleteObjects: 2.799500 ms)

Prepare: number of updated asset objects reloaded= 0
========================================================================
Received Prepare
Begin MonoManager ReloadAssembly
Symbol file LoadedFromMemory is not a mono symbol file
- Loaded All Assemblies, in  0.703 seconds
Refreshing native plugins compatible for Editor in 2.01 ms, found 4 plugins.
Native extension for WindowsStandalone target not found
Mono: successfully reloaded assembly
- Finished resetting the current domain, in  0.787 seconds
Domain Reload Profiling: 1489ms
	BeginReloadAssembly (198ms)
		ExecutionOrderSort (0ms)
		DisableScriptedObjects (7ms)
		BackupInstance (0ms)
		ReleaseScriptingObjects (0ms)
		CreateAndSetChildDomain (50ms)
	RebuildCommonClasses (31ms)
	RebuildNativeTypeToScriptingClass (12ms)
	initialDomainReloadingComplete (26ms)
	LoadAllAssembliesAndSetupDomain (437ms)
		LoadAssemblies (350ms)
		RebuildTransferFunctionScriptingTraits (0ms)
		AnalyzeDomain (186ms)
			TypeCache.Refresh (19ms)
				TypeCache.ScanAssembly (10ms)
			BuildScriptInfoCaches (156ms)
			ResolveRequiredComponents (8ms)
	FinalizeReload (787ms)
		ReleaseScriptCaches (0ms)
		RebuildScriptCaches (0ms)
		SetupLoadedEditorAssemblies (617ms)
			LogAssemblyErrors (0ms)
			InitializePlatformSupportModulesInManaged (2ms)
			SetLoadedEditorAssemblies (3ms)
			BeforeProcessingInitializeOnLoad (118ms)
			ProcessInitializeOnLoadAttributes (277ms)
			ProcessInitializeOnLoadMethodAttributes (212ms)
			AfterProcessingInitializeOnLoad (5ms)
			EditorAssembliesLoaded (0ms)
		ExecutionOrderSort2 (0ms)
		AwakeInstancesAfterBackupRestoration (11ms)
Refreshing native plugins compatible for Editor in 1.73 ms, found 4 plugins.
Preloading 1 native plugins for Editor in 0.07 ms.
Unloading 13 Unused Serialized files (Serialized files now loaded: 0)
Unloading 6981 unused Assets / (4.5 MB). Loaded Objects now: 7732.
Memory consumption went from 163.0 MB to 158.6 MB.
Total: 8.023200 ms (FindLiveObjects: 0.520700 ms CreateObjectMapping: 0.498100 ms MarkObjects: 5.117000 ms  DeleteObjects: 1.886400 ms)

Prepare: number of updated asset objects reloaded= 0
========================================================================
Received Prepare
Begin MonoManager ReloadAssembly
Symbol file LoadedFromMemory is not a mono symbol file
- Loaded All Assemblies, in  0.652 seconds
Refreshing native plugins compatible for Editor in 1.74 ms, found 4 plugins.
Native extension for WindowsStandalone target not found
Mono: successfully reloaded assembly
- Finished resetting the current domain, in  0.888 seconds
Domain Reload Profiling: 1539ms
	BeginReloadAssembly (171ms)
		ExecutionOrderSort (0ms)
		DisableScriptedObjects (5ms)
		BackupInstance (0ms)
		ReleaseScriptingObjects (0ms)
		CreateAndSetChildDomain (45ms)
	RebuildCommonClasses (31ms)
	RebuildNativeTypeToScriptingClass (10ms)
	initialDomainReloadingComplete (25ms)
	LoadAllAssembliesAndSetupDomain (414ms)
		LoadAssemblies (319ms)
		RebuildTransferFunctionScriptingTraits (0ms)
		AnalyzeDomain (175ms)
			TypeCache.Refresh (7ms)
				TypeCache.ScanAssembly (0ms)
			BuildScriptInfoCaches (156ms)
			ResolveRequiredComponents (9ms)
	FinalizeReload (888ms)
		ReleaseScriptCaches (0ms)
		RebuildScriptCaches (0ms)
		SetupLoadedEditorAssemblies (722ms)
			LogAssemblyErrors (0ms)
			InitializePlatformSupportModulesInManaged (3ms)
			SetLoadedEditorAssemblies (3ms)
			BeforeProcessingInitializeOnLoad (117ms)
			ProcessInitializeOnLoadAttributes (322ms)
			ProcessInitializeOnLoadMethodAttributes (272ms)
			AfterProcessingInitializeOnLoad (5ms)
			EditorAssembliesLoaded (0ms)
		ExecutionOrderSort2 (0ms)
		AwakeInstancesAfterBackupRestoration (12ms)
Refreshing native plugins compatible for Editor in 2.40 ms, found 4 plugins.
Preloading 1 native plugins for Editor in 0.10 ms.
Unloading 13 Unused Serialized files (Serialized files now loaded: 0)
Unloading 6981 unused Assets / (4.4 MB). Loaded Objects now: 7734.
Memory consumption went from 165.0 MB to 160.5 MB.
Total: 8.870300 ms (FindLiveObjects: 0.649900 ms CreateObjectMapping: 0.905800 ms MarkObjects: 4.903800 ms  DeleteObjects: 2.409900 ms)

Prepare: number of updated asset objects reloaded= 0
========================================================================
Received Prepare
Refreshing native plugins compatible for Editor in 3.25 ms, found 4 plugins.
Preloading 1 native plugins for Editor in 0.13 ms.
Unloading 13 Unused Serialized files (Serialized files now loaded: 0)
Unloading 6966 unused Assets / (3.0 MB). Loaded Objects now: 7734.
Memory consumption went from 165.1 MB to 162.1 MB.
Total: 28.979600 ms (FindLiveObjects: 0.963700 ms CreateObjectMapping: 0.818800 ms MarkObjects: 19.961200 ms  DeleteObjects: 7.234700 ms)

Prepare: number of updated asset objects reloaded= 0
========================================================================
Received Prepare
Begin MonoManager ReloadAssembly
Symbol file LoadedFromMemory is not a mono symbol file
- Loaded All Assemblies, in  0.806 seconds
Refreshing native plugins compatible for Editor in 2.27 ms, found 4 plugins.
Native extension for WindowsStandalone target not found
Mono: successfully reloaded assembly
- Finished resetting the current domain, in  0.955 seconds
Domain Reload Profiling: 1760ms
	BeginReloadAssembly (229ms)
		ExecutionOrderSort (0ms)
		DisableScriptedObjects (6ms)
		BackupInstance (0ms)
		ReleaseScriptingObjects (0ms)
		CreateAndSetChildDomain (54ms)
	RebuildCommonClasses (33ms)
	RebuildNativeTypeToScriptingClass (17ms)
	initialDomainReloadingComplete (35ms)
	LoadAllAssembliesAndSetupDomain (492ms)
		LoadAssemblies (411ms)
		RebuildTransferFunctionScriptingTraits (0ms)
		AnalyzeDomain (200ms)
			TypeCache.Refresh (9ms)
				TypeCache.ScanAssembly (0ms)
			BuildScriptInfoCaches (179ms)
			ResolveRequiredComponents (9ms)
	FinalizeReload (955ms)
		ReleaseScriptCaches (0ms)
		RebuildScriptCaches (0ms)
		SetupLoadedEditorAssemblies (762ms)
			LogAssemblyErrors (0ms)
			InitializePlatformSupportModulesInManaged (2ms)
			SetLoadedEditorAssemblies (5ms)
			BeforeProcessingInitializeOnLoad (127ms)
			ProcessInitializeOnLoadAttributes (332ms)
			ProcessInitializeOnLoadMethodAttributes (291ms)
			AfterProcessingInitializeOnLoad (5ms)
			EditorAssembliesLoaded (0ms)
		ExecutionOrderSort2 (0ms)
		AwakeInstancesAfterBackupRestoration (10ms)
Refreshing native plugins compatible for Editor in 2.45 ms, found 4 plugins.
Preloading 1 native plugins for Editor in 0.09 ms.
Unloading 13 Unused Serialized files (Serialized files now loaded: 0)
Unloading 6981 unused Assets / (4.4 MB). Loaded Objects now: 7736.
Memory consumption went from 165.0 MB to 160.6 MB.
Total: 8.119400 ms (FindLiveObjects: 0.538600 ms CreateObjectMapping: 0.492800 ms MarkObjects: 5.140400 ms  DeleteObjects: 1.946500 ms)

Prepare: number of updated asset objects reloaded= 0
========================================================================
Received Prepare
Begin MonoManager ReloadAssembly
Symbol file LoadedFromMemory is not a mono symbol file
- Loaded All Assemblies, in  0.658 seconds
Refreshing native plugins compatible for Editor in 1.93 ms, found 4 plugins.
Native extension for WindowsStandalone target not found
Mono: successfully reloaded assembly
- Finished resetting the current domain, in  0.818 seconds
Domain Reload Profiling: 1476ms
	BeginReloadAssembly (172ms)
		ExecutionOrderSort (0ms)
		DisableScriptedObjects (4ms)
		BackupInstance (0ms)
		ReleaseScriptingObjects (0ms)
		CreateAndSetChildDomain (42ms)
	RebuildCommonClasses (31ms)
	RebuildNativeTypeToScriptingClass (10ms)
	initialDomainReloadingComplete (24ms)
	LoadAllAssembliesAndSetupDomain (419ms)
		LoadAssemblies (318ms)
		RebuildTransferFunctionScriptingTraits (0ms)
		AnalyzeDomain (184ms)
			TypeCache.Refresh (6ms)
				TypeCache.ScanAssembly (0ms)
			BuildScriptInfoCaches (166ms)
			ResolveRequiredComponents (8ms)
	FinalizeReload (818ms)
		ReleaseScriptCaches (0ms)
		RebuildScriptCaches (0ms)
		SetupLoadedEditorAssemblies (652ms)
			LogAssemblyErrors (0ms)
			InitializePlatformSupportModulesInManaged (2ms)
			SetLoadedEditorAssemblies (3ms)
			BeforeProcessingInitializeOnLoad (116ms)
			ProcessInitializeOnLoadAttributes (304ms)
			ProcessInitializeOnLoadMethodAttributes (218ms)
			AfterProcessingInitializeOnLoad (9ms)
			EditorAssembliesLoaded (0ms)
		ExecutionOrderSort2 (0ms)
		AwakeInstancesAfterBackupRestoration (12ms)
Refreshing native plugins compatible for Editor in 1.75 ms, found 4 plugins.
Preloading 1 native plugins for Editor in 0.07 ms.
Unloading 13 Unused Serialized files (Serialized files now loaded: 0)
Unloading 6981 unused Assets / (4.4 MB). Loaded Objects now: 7738.
Memory consumption went from 165.0 MB to 160.6 MB.
Total: 9.084900 ms (FindLiveObjects: 0.851600 ms CreateObjectMapping: 0.611900 ms MarkObjects: 5.373100 ms  DeleteObjects: 2.247400 ms)

Prepare: number of updated asset objects reloaded= 0
========================================================================
Received Prepare
Begin MonoManager ReloadAssembly
Symbol file LoadedFromMemory is not a mono symbol file
- Loaded All Assemblies, in  0.659 seconds
Refreshing native plugins compatible for Editor in 3.78 ms, found 4 plugins.
Native extension for WindowsStandalone target not found
Mono: successfully reloaded assembly
- Finished resetting the current domain, in  0.825 seconds
Domain Reload Profiling: 1485ms
	BeginReloadAssembly (178ms)
		ExecutionOrderSort (0ms)
		DisableScriptedObjects (5ms)
		BackupInstance (0ms)
		ReleaseScriptingObjects (0ms)
		CreateAndSetChildDomain (49ms)
	RebuildCommonClasses (30ms)
	RebuildNativeTypeToScriptingClass (11ms)
	initialDomainReloadingComplete (26ms)
	LoadAllAssembliesAndSetupDomain (415ms)
		LoadAssemblies (320ms)
		RebuildTransferFunctionScriptingTraits (0ms)
		AnalyzeDomain (178ms)
			TypeCache.Refresh (7ms)
				TypeCache.ScanAssembly (0ms)
			BuildScriptInfoCaches (157ms)
			ResolveRequiredComponents (10ms)
	FinalizeReload (826ms)
		ReleaseScriptCaches (0ms)
		RebuildScriptCaches (0ms)
		SetupLoadedEditorAssemblies (648ms)
			LogAssemblyErrors (0ms)
			InitializePlatformSupportModulesInManaged (2ms)
			SetLoadedEditorAssemblies (3ms)
			BeforeProcessingInitializeOnLoad (118ms)
			ProcessInitializeOnLoadAttributes (293ms)
			ProcessInitializeOnLoadMethodAttributes (227ms)
			AfterProcessingInitializeOnLoad (5ms)
			EditorAssembliesLoaded (0ms)
		ExecutionOrderSort2 (0ms)
		AwakeInstancesAfterBackupRestoration (11ms)
Refreshing native plugins compatible for Editor in 1.82 ms, found 4 plugins.
Preloading 1 native plugins for Editor in 0.07 ms.
Unloading 13 Unused Serialized files (Serialized files now loaded: 0)
Unloading 6981 unused Assets / (4.3 MB). Loaded Objects now: 7740.
Memory consumption went from 165.0 MB to 160.6 MB.
Total: 7.845200 ms (FindLiveObjects: 0.581700 ms CreateObjectMapping: 0.556400 ms MarkObjects: 4.874800 ms  DeleteObjects: 1.831400 ms)

Prepare: number of updated asset objects reloaded= 0
========================================================================
Received Prepare
Refreshing native plugins compatible for Editor in 1.88 ms, found 4 plugins.
Preloading 1 native plugins for Editor in 0.08 ms.
Unloading 13 Unused Serialized files (Serialized files now loaded: 0)
Unloading 6966 unused Assets / (3.9 MB). Loaded Objects now: 7740.
Memory consumption went from 165.1 MB to 161.2 MB.
Total: 11.331400 ms (FindLiveObjects: 1.067500 ms CreateObjectMapping: 0.846300 ms MarkObjects: 6.817400 ms  DeleteObjects: 2.598500 ms)

Prepare: number of updated asset objects reloaded= 0
========================================================================
Received Prepare
Begin MonoManager ReloadAssembly
Symbol file LoadedFromMemory is not a mono symbol file
- Loaded All Assemblies, in  0.671 seconds
Refreshing native plugins compatible for Editor in 2.68 ms, found 4 plugins.
Native extension for WindowsStandalone target not found
Mono: successfully reloaded assembly
- Finished resetting the current domain, in  0.800 seconds
Domain Reload Profiling: 1471ms
	BeginReloadAssembly (180ms)
		ExecutionOrderSort (0ms)
		DisableScriptedObjects (5ms)
		BackupInstance (0ms)
		ReleaseScriptingObjects (0ms)
		CreateAndSetChildDomain (44ms)
	RebuildCommonClasses (30ms)
	RebuildNativeTypeToScriptingClass (10ms)
	initialDomainReloadingComplete (26ms)
	LoadAllAssembliesAndSetupDomain (424ms)
		LoadAssemblies (336ms)
		RebuildTransferFunctionScriptingTraits (0ms)
		AnalyzeDomain (179ms)
			TypeCache.Refresh (9ms)
				TypeCache.ScanAssembly (0ms)
			BuildScriptInfoCaches (158ms)
			ResolveRequiredComponents (9ms)
	FinalizeReload (801ms)
		ReleaseScriptCaches (0ms)
		RebuildScriptCaches (0ms)
		SetupLoadedEditorAssemblies (631ms)
			LogAssemblyErrors (0ms)
			InitializePlatformSupportModulesInManaged (2ms)
			SetLoadedEditorAssemblies (3ms)
			BeforeProcessingInitializeOnLoad (117ms)
			ProcessInitializeOnLoadAttributes (283ms)
			ProcessInitializeOnLoadMethodAttributes (222ms)
			AfterProcessingInitializeOnLoad (4ms)
			EditorAssembliesLoaded (0ms)
		ExecutionOrderSort2 (0ms)
		AwakeInstancesAfterBackupRestoration (12ms)
Refreshing native plugins compatible for Editor in 1.77 ms, found 4 plugins.
Preloading 1 native plugins for Editor in 0.09 ms.
Unloading 13 Unused Serialized files (Serialized files now loaded: 0)
Unloading 6981 unused Assets / (4.2 MB). Loaded Objects now: 7742.
Memory consumption went from 165.0 MB to 160.8 MB.
Total: 7.895800 ms (FindLiveObjects: 0.537100 ms CreateObjectMapping: 0.492000 ms MarkObjects: 4.864600 ms  DeleteObjects: 2.001400 ms)

Prepare: number of updated asset objects reloaded= 0
========================================================================
Received Prepare
Begin MonoManager ReloadAssembly
Symbol file LoadedFromMemory is not a mono symbol file
- Loaded All Assemblies, in  0.654 seconds
Refreshing native plugins compatible for Editor in 2.24 ms, found 4 plugins.
Native extension for WindowsStandalone target not found
Mono: successfully reloaded assembly
- Finished resetting the current domain, in  0.881 seconds
Domain Reload Profiling: 1535ms
	BeginReloadAssembly (173ms)
		ExecutionOrderSort (0ms)
		DisableScriptedObjects (5ms)
		BackupInstance (0ms)
		ReleaseScriptingObjects (0ms)
		CreateAndSetChildDomain (45ms)
	RebuildCommonClasses (33ms)
	RebuildNativeTypeToScriptingClass (12ms)
	initialDomainReloadingComplete (25ms)
	LoadAllAssembliesAndSetupDomain (411ms)
		LoadAssemblies (317ms)
		RebuildTransferFunctionScriptingTraits (0ms)
		AnalyzeDomain (176ms)
			TypeCache.Refresh (7ms)
				TypeCache.ScanAssembly (0ms)
			BuildScriptInfoCaches (154ms)
			ResolveRequiredComponents (12ms)
	FinalizeReload (882ms)
		ReleaseScriptCaches (0ms)
		RebuildScriptCaches (0ms)
		SetupLoadedEditorAssemblies (707ms)
			LogAssemblyErrors (0ms)
			InitializePlatformSupportModulesInManaged (2ms)
			SetLoadedEditorAssemblies (3ms)
			BeforeProcessingInitializeOnLoad (117ms)
			ProcessInitializeOnLoadAttributes (306ms)
			ProcessInitializeOnLoadMethodAttributes (273ms)
			AfterProcessingInitializeOnLoad (5ms)
			EditorAssembliesLoaded (0ms)
		ExecutionOrderSort2 (0ms)
		AwakeInstancesAfterBackupRestoration (17ms)
Refreshing native plugins compatible for Editor in 2.35 ms, found 4 plugins.
Preloading 1 native plugins for Editor in 0.07 ms.
Unloading 13 Unused Serialized files (Serialized files now loaded: 0)
Unloading 6981 unused Assets / (4.6 MB). Loaded Objects now: 7744.
Memory consumption went from 165.0 MB to 160.4 MB.
Total: 8.804600 ms (FindLiveObjects: 0.736100 ms CreateObjectMapping: 0.520900 ms MarkObjects: 5.238100 ms  DeleteObjects: 2.308500 ms)

Prepare: number of updated asset objects reloaded= 0
========================================================================
Received Prepare
Begin MonoManager ReloadAssembly
Symbol file LoadedFromMemory is not a mono symbol file
- Loaded All Assemblies, in  0.655 seconds
Refreshing native plugins compatible for Editor in 2.88 ms, found 4 plugins.
Native extension for WindowsStandalone target not found
Mono: successfully reloaded assembly
- Finished resetting the current domain, in  0.823 seconds
Domain Reload Profiling: 1478ms
	BeginReloadAssembly (175ms)
		ExecutionOrderSort (0ms)
		DisableScriptedObjects (5ms)
		BackupInstance (0ms)
		ReleaseScriptingObjects (0ms)
		CreateAndSetChildDomain (45ms)
	RebuildCommonClasses (31ms)
	RebuildNativeTypeToScriptingClass (11ms)
	initialDomainReloadingComplete (25ms)
	LoadAllAssembliesAndSetupDomain (413ms)
		LoadAssemblies (315ms)
		RebuildTransferFunctionScriptingTraits (0ms)
		AnalyzeDomain (180ms)
			TypeCache.Refresh (8ms)
				TypeCache.ScanAssembly (0ms)
			BuildScriptInfoCaches (158ms)
			ResolveRequiredComponents (11ms)
	FinalizeReload (823ms)
		ReleaseScriptCaches (0ms)
		RebuildScriptCaches (0ms)
		SetupLoadedEditorAssemblies (659ms)
			LogAssemblyErrors (0ms)
			InitializePlatformSupportModulesInManaged (2ms)
			SetLoadedEditorAssemblies (3ms)
			BeforeProcessingInitializeOnLoad (117ms)
			ProcessInitializeOnLoadAttributes (305ms)
			ProcessInitializeOnLoadMethodAttributes (226ms)
			AfterProcessingInitializeOnLoad (5ms)
			EditorAssembliesLoaded (0ms)
		ExecutionOrderSort2 (0ms)
		AwakeInstancesAfterBackupRestoration (12ms)
Refreshing native plugins compatible for Editor in 1.90 ms, found 4 plugins.
Preloading 1 native plugins for Editor in 0.07 ms.
Unloading 13 Unused Serialized files (Serialized files now loaded: 0)
Unloading 6981 unused Assets / (4.3 MB). Loaded Objects now: 7746.
Memory consumption went from 165.0 MB to 160.7 MB.
Total: 8.314800 ms (FindLiveObjects: 0.727800 ms CreateObjectMapping: 0.510700 ms MarkObjects: 5.106800 ms  DeleteObjects: 1.968100 ms)

Prepare: number of updated asset objects reloaded= 0
========================================================================
Received Prepare
Refreshing native plugins compatible for Editor in 4.15 ms, found 4 plugins.
Preloading 1 native plugins for Editor in 0.14 ms.
Unloading 13 Unused Serialized files (Serialized files now loaded: 0)
Unloading 6966 unused Assets / (4.0 MB). Loaded Objects now: 7746.
Memory consumption went from 165.1 MB to 161.1 MB.
Total: 11.906300 ms (FindLiveObjects: 0.908500 ms CreateObjectMapping: 0.591000 ms MarkObjects: 7.942400 ms  DeleteObjects: 2.463300 ms)

Prepare: number of updated asset objects reloaded= 0
========================================================================
Received Prepare
Begin MonoManager ReloadAssembly
Symbol file LoadedFromMemory is not a mono symbol file
- Loaded All Assemblies, in  0.768 seconds
Refreshing native plugins compatible for Editor in 1.84 ms, found 4 plugins.
Native extension for WindowsStandalone target not found
Mono: successfully reloaded assembly
- Finished resetting the current domain, in  0.944 seconds
Domain Reload Profiling: 1711ms
	BeginReloadAssembly (231ms)
		ExecutionOrderSort (0ms)
		DisableScriptedObjects (8ms)
		BackupInstance (0ms)
		ReleaseScriptingObjects (0ms)
		CreateAndSetChildDomain (54ms)
	RebuildCommonClasses (34ms)
	RebuildNativeTypeToScriptingClass (12ms)
	initialDomainReloadingComplete (30ms)
	LoadAllAssembliesAndSetupDomain (459ms)
		LoadAssemblies (396ms)
		RebuildTransferFunctionScriptingTraits (0ms)
		AnalyzeDomain (185ms)
			TypeCache.Refresh (10ms)
				TypeCache.ScanAssembly (0ms)
			BuildScriptInfoCaches (162ms)
			ResolveRequiredComponents (10ms)
	FinalizeReload (945ms)
		ReleaseScriptCaches (0ms)
		RebuildScriptCaches (0ms)
		SetupLoadedEditorAssemblies (766ms)
			LogAssemblyErrors (0ms)
			InitializePlatformSupportModulesInManaged (2ms)
			SetLoadedEditorAssemblies (3ms)
			BeforeProcessingInitializeOnLoad (158ms)
			ProcessInitializeOnLoadAttributes (333ms)
			ProcessInitializeOnLoadMethodAttributes (260ms)
			AfterProcessingInitializeOnLoad (10ms)
			EditorAssembliesLoaded (0ms)
		ExecutionOrderSort2 (0ms)
		AwakeInstancesAfterBackupRestoration (12ms)
Refreshing native plugins compatible for Editor in 1.89 ms, found 4 plugins.
Preloading 1 native plugins for Editor in 0.20 ms.
Unloading 13 Unused Serialized files (Serialized files now loaded: 0)
Unloading 6981 unused Assets / (4.4 MB). Loaded Objects now: 7748.
Memory consumption went from 165.0 MB to 160.6 MB.
Total: 8.259500 ms (FindLiveObjects: 0.659300 ms CreateObjectMapping: 0.522300 ms MarkObjects: 5.057400 ms  DeleteObjects: 2.019600 ms)

Prepare: number of updated asset objects reloaded= 0
========================================================================
Received Prepare
Begin MonoManager ReloadAssembly
Symbol file LoadedFromMemory is not a mono symbol file
- Loaded All Assemblies, in  0.648 seconds
Refreshing native plugins compatible for Editor in 3.32 ms, found 4 plugins.
Native extension for WindowsStandalone target not found
Mono: successfully reloaded assembly
- Finished resetting the current domain, in  0.895 seconds
Domain Reload Profiling: 1543ms
	BeginReloadAssembly (169ms)
		ExecutionOrderSort (0ms)
		DisableScriptedObjects (7ms)
		BackupInstance (0ms)
		ReleaseScriptingObjects (0ms)
		CreateAndSetChildDomain (42ms)
	RebuildCommonClasses (31ms)
	RebuildNativeTypeToScriptingClass (11ms)
	initialDomainReloadingComplete (30ms)
	LoadAllAssembliesAndSetupDomain (407ms)
		LoadAssemblies (313ms)
		RebuildTransferFunctionScriptingTraits (0ms)
		AnalyzeDomain (175ms)
			TypeCache.Refresh (6ms)
				TypeCache.ScanAssembly (0ms)
			BuildScriptInfoCaches (158ms)
			ResolveRequiredComponents (8ms)
	FinalizeReload (895ms)
		ReleaseScriptCaches (0ms)
		RebuildScriptCaches (0ms)
		SetupLoadedEditorAssemblies (724ms)
			LogAssemblyErrors (0ms)
			InitializePlatformSupportModulesInManaged (2ms)
			SetLoadedEditorAssemblies (4ms)
			BeforeProcessingInitializeOnLoad (123ms)
			ProcessInitializeOnLoadAttributes (322ms)
			ProcessInitializeOnLoadMethodAttributes (268ms)
			AfterProcessingInitializeOnLoad (5ms)
			EditorAssembliesLoaded (0ms)
		ExecutionOrderSort2 (0ms)
		AwakeInstancesAfterBackupRestoration (16ms)
Refreshing native plugins compatible for Editor in 2.17 ms, found 4 plugins.
Preloading 1 native plugins for Editor in 0.09 ms.
Unloading 13 Unused Serialized files (Serialized files now loaded: 0)
Unloading 6981 unused Assets / (4.7 MB). Loaded Objects now: 7750.
Memory consumption went from 165.0 MB to 160.3 MB.
Total: 10.451200 ms (FindLiveObjects: 0.616200 ms CreateObjectMapping: 0.656500 ms MarkObjects: 6.589300 ms  DeleteObjects: 2.587600 ms)

Prepare: number of updated asset objects reloaded= 0
========================================================================
Received Prepare
Refreshing native plugins compatible for Editor in 4.64 ms, found 4 plugins.
Preloading 1 native plugins for Editor in 0.16 ms.
Unloading 13 Unused Serialized files (Serialized files now loaded: 0)
Unloading 6966 unused Assets / (4.5 MB). Loaded Objects now: 7750.
Memory consumption went from 165.1 MB to 160.7 MB.
Total: 15.411800 ms (FindLiveObjects: 1.020800 ms CreateObjectMapping: 1.384000 ms MarkObjects: 8.874300 ms  DeleteObjects: 4.131500 ms)

Prepare: number of updated asset objects reloaded= 0
========================================================================
Received Prepare
Begin MonoManager ReloadAssembly
Symbol file LoadedFromMemory is not a mono symbol file
- Loaded All Assemblies, in  0.810 seconds
Refreshing native plugins compatible for Editor in 2.22 ms, found 4 plugins.
Native extension for WindowsStandalone target not found
Mono: successfully reloaded assembly
- Finished resetting the current domain, in  0.903 seconds
Domain Reload Profiling: 1712ms
	BeginReloadAssembly (238ms)
		ExecutionOrderSort (0ms)
		DisableScriptedObjects (5ms)
		BackupInstance (0ms)
		ReleaseScriptingObjects (0ms)
		CreateAndSetChildDomain (60ms)
	RebuildCommonClasses (45ms)
	RebuildNativeTypeToScriptingClass (12ms)
	initialDomainReloadingComplete (31ms)
	LoadAllAssembliesAndSetupDomain (482ms)
		LoadAssemblies (402ms)
		RebuildTransferFunctionScriptingTraits (0ms)
		AnalyzeDomain (208ms)
			TypeCache.Refresh (9ms)
				TypeCache.ScanAssembly (0ms)
			BuildScriptInfoCaches (187ms)
			ResolveRequiredComponents (9ms)
	FinalizeReload (903ms)
		ReleaseScriptCaches (0ms)
		RebuildScriptCaches (0ms)
		SetupLoadedEditorAssemblies (727ms)
			LogAssemblyErrors (0ms)
			InitializePlatformSupportModulesInManaged (3ms)
			SetLoadedEditorAssemblies (5ms)
			BeforeProcessingInitializeOnLoad (145ms)
			ProcessInitializeOnLoadAttributes (341ms)
			ProcessInitializeOnLoadMethodAttributes (229ms)
			AfterProcessingInitializeOnLoad (4ms)
			EditorAssembliesLoaded (0ms)
		ExecutionOrderSort2 (0ms)
		AwakeInstancesAfterBackupRestoration (13ms)
Refreshing native plugins compatible for Editor in 1.83 ms, found 4 plugins.
Preloading 1 native plugins for Editor in 0.07 ms.
Unloading 13 Unused Serialized files (Serialized files now loaded: 0)
Unloading 6981 unused Assets / (4.4 MB). Loaded Objects now: 7752.
Memory consumption went from 165.0 MB to 160.6 MB.
Total: 8.462600 ms (FindLiveObjects: 0.547900 ms CreateObjectMapping: 0.529800 ms MarkObjects: 5.306700 ms  DeleteObjects: 2.074800 ms)

Prepare: number of updated asset objects reloaded= 0
========================================================================
Received Prepare
Begin MonoManager ReloadAssembly
Symbol file LoadedFromMemory is not a mono symbol file
- Loaded All Assemblies, in  0.650 seconds
Refreshing native plugins compatible for Editor in 1.70 ms, found 4 plugins.
Native extension for WindowsStandalone target not found
Mono: successfully reloaded assembly
- Finished resetting the current domain, in  0.826 seconds
Domain Reload Profiling: 1475ms
	BeginReloadAssembly (174ms)
		ExecutionOrderSort (0ms)
		DisableScriptedObjects (5ms)
		BackupInstance (0ms)
		ReleaseScriptingObjects (0ms)
		CreateAndSetChildDomain (45ms)
	RebuildCommonClasses (29ms)
	RebuildNativeTypeToScriptingClass (11ms)
	initialDomainReloadingComplete (24ms)
	LoadAllAssembliesAndSetupDomain (410ms)
		LoadAssemblies (320ms)
		RebuildTransferFunctionScriptingTraits (0ms)
		AnalyzeDomain (175ms)
			TypeCache.Refresh (6ms)
				TypeCache.ScanAssembly (0ms)
			BuildScriptInfoCaches (156ms)
			ResolveRequiredComponents (9ms)
	FinalizeReload (827ms)
		ReleaseScriptCaches (0ms)
		RebuildScriptCaches (0ms)
		SetupLoadedEditorAssemblies (670ms)
			LogAssemblyErrors (0ms)
			InitializePlatformSupportModulesInManaged (2ms)
			SetLoadedEditorAssemblies (3ms)
			BeforeProcessingInitializeOnLoad (125ms)
			ProcessInitializeOnLoadAttributes (314ms)
			ProcessInitializeOnLoadMethodAttributes (221ms)
			AfterProcessingInitializeOnLoad (5ms)
			EditorAssembliesLoaded (0ms)
		ExecutionOrderSort2 (0ms)
		AwakeInstancesAfterBackupRestoration (12ms)
Refreshing native plugins compatible for Editor in 1.89 ms, found 4 plugins.
Preloading 1 native plugins for Editor in 0.07 ms.
Unloading 13 Unused Serialized files (Serialized files now loaded: 0)
Unloading 6981 unused Assets / (4.3 MB). Loaded Objects now: 7754.
Memory consumption went from 165.0 MB to 160.7 MB.
Total: 8.038400 ms (FindLiveObjects: 0.505400 ms CreateObjectMapping: 0.498400 ms MarkObjects: 5.205400 ms  DeleteObjects: 1.828200 ms)

Prepare: number of updated asset objects reloaded= 0
========================================================================
Received Prepare
Refreshing native plugins compatible for Editor in 1.99 ms, found 4 plugins.
Preloading 1 native plugins for Editor in 0.10 ms.
Unloading 13 Unused Serialized files (Serialized files now loaded: 0)
Unloading 6967 unused Assets / (4.7 MB). Loaded Objects now: 7755.
Memory consumption went from 165.1 MB to 160.4 MB.
Total: 11.204500 ms (FindLiveObjects: 0.640300 ms CreateObjectMapping: 0.552000 ms MarkObjects: 6.695900 ms  DeleteObjects: 3.314500 ms)

Prepare: number of updated asset objects reloaded= 0
========================================================================
Received Prepare
Begin MonoManager ReloadAssembly
Symbol file LoadedFromMemory is not a mono symbol file
- Loaded All Assemblies, in  0.667 seconds
Refreshing native plugins compatible for Editor in 1.62 ms, found 4 plugins.
Native extension for WindowsStandalone target not found
Mono: successfully reloaded assembly
- Finished resetting the current domain, in  0.805 seconds
Domain Reload Profiling: 1472ms
	BeginReloadAssembly (172ms)
		ExecutionOrderSort (0ms)
		DisableScriptedObjects (5ms)
		BackupInstance (0ms)
		ReleaseScriptingObjects (0ms)
		CreateAndSetChildDomain (44ms)
	RebuildCommonClasses (32ms)
	RebuildNativeTypeToScriptingClass (11ms)
	initialDomainReloadingComplete (28ms)
	LoadAllAssembliesAndSetupDomain (423ms)
		LoadAssemblies (327ms)
		RebuildTransferFunctionScriptingTraits (0ms)
		AnalyzeDomain (177ms)
			TypeCache.Refresh (10ms)
				TypeCache.ScanAssembly (0ms)
			BuildScriptInfoCaches (155ms)
			ResolveRequiredComponents (9ms)
	FinalizeReload (805ms)
		ReleaseScriptCaches (0ms)
		RebuildScriptCaches (0ms)
		SetupLoadedEditorAssemblies (643ms)
			LogAssemblyErrors (0ms)
			InitializePlatformSupportModulesInManaged (2ms)
			SetLoadedEditorAssemblies (3ms)
			BeforeProcessingInitializeOnLoad (118ms)
			ProcessInitializeOnLoadAttributes (309ms)
			ProcessInitializeOnLoadMethodAttributes (206ms)
			AfterProcessingInitializeOnLoad (5ms)
			EditorAssembliesLoaded (0ms)
		ExecutionOrderSort2 (0ms)
		AwakeInstancesAfterBackupRestoration (14ms)
Refreshing native plugins compatible for Editor in 1.70 ms, found 4 plugins.
Preloading 1 native plugins for Editor in 0.07 ms.
Unloading 13 Unused Serialized files (Serialized files now loaded: 0)
Unloading 6982 unused Assets / (4.4 MB). Loaded Objects now: 7757.
Memory consumption went from 165.0 MB to 160.6 MB.
Total: 8.177200 ms (FindLiveObjects: 0.731000 ms CreateObjectMapping: 0.679600 ms MarkObjects: 4.970800 ms  DeleteObjects: 1.794900 ms)

Prepare: number of updated asset objects reloaded= 0
========================================================================
Received Prepare
Refreshing native plugins compatible for Editor in 1.81 ms, found 4 plugins.
Preloading 1 native plugins for Editor in 0.08 ms.
Unloading 13 Unused Serialized files (Serialized files now loaded: 0)
Unloading 6967 unused Assets / (4.4 MB). Loaded Objects now: 7757.
Memory consumption went from 165.1 MB to 160.7 MB.
Total: 7.817000 ms (FindLiveObjects: 0.534400 ms CreateObjectMapping: 0.469600 ms MarkObjects: 4.944600 ms  DeleteObjects: 1.867300 ms)

Prepare: number of updated asset objects reloaded= 0
========================================================================
Received Prepare
Begin MonoManager ReloadAssembly
Symbol file LoadedFromMemory is not a mono symbol file
- Loaded All Assemblies, in  0.677 seconds
Refreshing native plugins compatible for Editor in 2.36 ms, found 4 plugins.
Native extension for WindowsStandalone target not found
Mono: successfully reloaded assembly
- Finished resetting the current domain, in  0.835 seconds
Domain Reload Profiling: 1512ms
	BeginReloadAssembly (190ms)
		ExecutionOrderSort (0ms)
		DisableScriptedObjects (5ms)
		BackupInstance (0ms)
		ReleaseScriptingObjects (0ms)
		CreateAndSetChildDomain (52ms)
	RebuildCommonClasses (36ms)
	RebuildNativeTypeToScriptingClass (14ms)
	initialDomainReloadingComplete (26ms)
	LoadAllAssembliesAndSetupDomain (411ms)
		LoadAssemblies (325ms)
		RebuildTransferFunctionScriptingTraits (0ms)
		AnalyzeDomain (174ms)
			TypeCache.Refresh (9ms)
				TypeCache.ScanAssembly (0ms)
			BuildScriptInfoCaches (154ms)
			ResolveRequiredComponents (8ms)
	FinalizeReload (835ms)
		ReleaseScriptCaches (0ms)
		RebuildScriptCaches (0ms)
		SetupLoadedEditorAssemblies (666ms)
			LogAssemblyErrors (0ms)
			InitializePlatformSupportModulesInManaged (2ms)
			SetLoadedEditorAssemblies (3ms)
			BeforeProcessingInitializeOnLoad (125ms)
			ProcessInitializeOnLoadAttributes (292ms)
			ProcessInitializeOnLoadMethodAttributes (237ms)
			AfterProcessingInitializeOnLoad (5ms)
			EditorAssembliesLoaded (0ms)
		ExecutionOrderSort2 (0ms)
		AwakeInstancesAfterBackupRestoration (12ms)
Refreshing native plugins compatible for Editor in 1.77 ms, found 4 plugins.
Preloading 1 native plugins for Editor in 0.07 ms.
Unloading 13 Unused Serialized files (Serialized files now loaded: 0)
Unloading 6982 unused Assets / (4.4 MB). Loaded Objects now: 7759.
Memory consumption went from 165.0 MB to 160.6 MB.
Total: 8.114900 ms (FindLiveObjects: 0.627400 ms CreateObjectMapping: 0.598300 ms MarkObjects: 5.061300 ms  DeleteObjects: 1.827000 ms)

Prepare: number of updated asset objects reloaded= 0
========================================================================
Received Prepare
Refreshing native plugins compatible for Editor in 5.64 ms, found 4 plugins.
Preloading 1 native plugins for Editor in 0.38 ms.
Unloading 13 Unused Serialized files (Serialized files now loaded: 0)
Unloading 6967 unused Assets / (4.4 MB). Loaded Objects now: 7759.
Memory consumption went from 165.1 MB to 160.7 MB.
Total: 15.073800 ms (FindLiveObjects: 1.647100 ms CreateObjectMapping: 1.442900 ms MarkObjects: 9.109700 ms  DeleteObjects: 2.872200 ms)

Prepare: number of updated asset objects reloaded= 0
========================================================================
Received Prepare
Refreshing native plugins compatible for Editor in 4.92 ms, found 4 plugins.
Preloading 1 native plugins for Editor in 0.21 ms.
Unloading 13 Unused Serialized files (Serialized files now loaded: 0)
Unloading 6967 unused Assets / (4.5 MB). Loaded Objects now: 7759.
Memory consumption went from 165.1 MB to 160.6 MB.
Total: 13.087900 ms (FindLiveObjects: 1.193700 ms CreateObjectMapping: 0.680800 ms MarkObjects: 7.725200 ms  DeleteObjects: 3.486000 ms)

Prepare: number of updated asset objects reloaded= 0
========================================================================
Received Prepare
Refreshing native plugins compatible for Editor in 3.91 ms, found 4 plugins.
Preloading 1 native plugins for Editor in 0.10 ms.
Unloading 13 Unused Serialized files (Serialized files now loaded: 0)
Unloading 6967 unused Assets / (4.4 MB). Loaded Objects now: 7759.
Memory consumption went from 165.1 MB to 160.7 MB.
Total: 11.703400 ms (FindLiveObjects: 0.674100 ms CreateObjectMapping: 0.642500 ms MarkObjects: 7.124200 ms  DeleteObjects: 3.261200 ms)

Prepare: number of updated asset objects reloaded= 0
========================================================================
Received Prepare
Refreshing native plugins compatible for Editor in 5.64 ms, found 4 plugins.
Preloading 1 native plugins for Editor in 0.08 ms.
Unloading 13 Unused Serialized files (Serialized files now loaded: 0)
Unloading 6967 unused Assets / (3.8 MB). Loaded Objects now: 7759.
Memory consumption went from 165.1 MB to 161.3 MB.
Total: 11.655400 ms (FindLiveObjects: 1.044900 ms CreateObjectMapping: 0.792500 ms MarkObjects: 7.561500 ms  DeleteObjects: 2.254600 ms)

Prepare: number of updated asset objects reloaded= 0
========================================================================
Received Prepare
Refreshing native plugins compatible for Editor in 4.32 ms, found 4 plugins.
Preloading 1 native plugins for Editor in 0.17 ms.
Unloading 13 Unused Serialized files (Serialized files now loaded: 0)
Unloading 6967 unused Assets / (3.9 MB). Loaded Objects now: 7759.
Memory consumption went from 165.1 MB to 161.3 MB.
Total: 11.332500 ms (FindLiveObjects: 0.922400 ms CreateObjectMapping: 0.564800 ms MarkObjects: 7.561400 ms  DeleteObjects: 2.282700 ms)

Prepare: number of updated asset objects reloaded= 0
========================================================================
Received Prepare
Refreshing native plugins compatible for Editor in 2.92 ms, found 4 plugins.
Preloading 1 native plugins for Editor in 0.16 ms.
Unloading 13 Unused Serialized files (Serialized files now loaded: 0)
Unloading 6967 unused Assets / (4.0 MB). Loaded Objects now: 7759.
Memory consumption went from 165.1 MB to 161.1 MB.
Total: 11.583400 ms (FindLiveObjects: 0.975700 ms CreateObjectMapping: 0.627000 ms MarkObjects: 7.475700 ms  DeleteObjects: 2.503100 ms)

Prepare: number of updated asset objects reloaded= 0
========================================================================
Received Prepare
Refreshing native plugins compatible for Editor in 4.69 ms, found 4 plugins.
Preloading 1 native plugins for Editor in 0.13 ms.
Unloading 13 Unused Serialized files (Serialized files now loaded: 0)
Unloading 6967 unused Assets / (3.7 MB). Loaded Objects now: 7759.
Memory consumption went from 165.1 MB to 161.4 MB.
Total: 11.340200 ms (FindLiveObjects: 0.655500 ms CreateObjectMapping: 0.611000 ms MarkObjects: 8.089900 ms  DeleteObjects: 1.982200 ms)

Prepare: number of updated asset objects reloaded= 0
========================================================================
Received Prepare
Refreshing native plugins compatible for Editor in 4.08 ms, found 4 plugins.
Preloading 1 native plugins for Editor in 0.14 ms.
Unloading 13 Unused Serialized files (Serialized files now loaded: 0)
Unloading 6967 unused Assets / (4.3 MB). Loaded Objects now: 7759.
Memory consumption went from 165.1 MB to 160.8 MB.
Total: 12.630600 ms (FindLiveObjects: 1.015100 ms CreateObjectMapping: 0.627300 ms MarkObjects: 8.331800 ms  DeleteObjects: 2.654900 ms)

Prepare: number of updated asset objects reloaded= 0
========================================================================
Received Prepare
Refreshing native plugins compatible for Editor in 5.13 ms, found 4 plugins.
Preloading 1 native plugins for Editor in 0.14 ms.
Unloading 13 Unused Serialized files (Serialized files now loaded: 0)
Unloading 6967 unused Assets / (4.7 MB). Loaded Objects now: 7759.
Memory consumption went from 165.1 MB to 160.4 MB.
Total: 11.648900 ms (FindLiveObjects: 0.879900 ms CreateObjectMapping: 0.560300 ms MarkObjects: 7.640200 ms  DeleteObjects: 2.567000 ms)

Prepare: number of updated asset objects reloaded= 0
========================================================================
Received Prepare
Refreshing native plugins compatible for Editor in 4.45 ms, found 4 plugins.
Preloading 1 native plugins for Editor in 0.14 ms.
Unloading 13 Unused Serialized files (Serialized files now loaded: 0)
Unloading 6967 unused Assets / (4.1 MB). Loaded Objects now: 7759.
Memory consumption went from 165.1 MB to 161.1 MB.
Total: 10.637300 ms (FindLiveObjects: 1.103500 ms CreateObjectMapping: 0.624400 ms MarkObjects: 6.749800 ms  DeleteObjects: 2.158200 ms)

Prepare: number of updated asset objects reloaded= 0
========================================================================
Received Prepare
Refreshing native plugins compatible for Editor in 1.99 ms, found 4 plugins.
Preloading 1 native plugins for Editor in 0.08 ms.
Unloading 13 Unused Serialized files (Serialized files now loaded: 0)
Unloading 6967 unused Assets / (4.5 MB). Loaded Objects now: 7759.
Memory consumption went from 165.1 MB to 160.7 MB.
Total: 8.669600 ms (FindLiveObjects: 0.549800 ms CreateObjectMapping: 0.501900 ms MarkObjects: 5.709300 ms  DeleteObjects: 1.907600 ms)

Prepare: number of updated asset objects reloaded= 0
========================================================================
Received Prepare
Refreshing native plugins compatible for Editor in 3.34 ms, found 4 plugins.
Preloading 1 native plugins for Editor in 0.14 ms.
Unloading 13 Unused Serialized files (Serialized files now loaded: 0)
Unloading 6967 unused Assets / (4.1 MB). Loaded Objects now: 7759.
Memory consumption went from 165.1 MB to 161.1 MB.
Total: 12.347600 ms (FindLiveObjects: 0.931200 ms CreateObjectMapping: 0.586200 ms MarkObjects: 8.373600 ms  DeleteObjects: 2.455300 ms)

Prepare: number of updated asset objects reloaded= 0
========================================================================
Received Prepare
Refreshing native plugins compatible for Editor in 3.94 ms, found 4 plugins.
Preloading 1 native plugins for Editor in 0.14 ms.
Unloading 13 Unused Serialized files (Serialized files now loaded: 0)
Unloading 6967 unused Assets / (4.2 MB). Loaded Objects now: 7759.
Memory consumption went from 165.1 MB to 160.9 MB.
Total: 12.217600 ms (FindLiveObjects: 0.903000 ms CreateObjectMapping: 0.559900 ms MarkObjects: 7.862100 ms  DeleteObjects: 2.890500 ms)

Prepare: number of updated asset objects reloaded= 0
========================================================================
Received Prepare
Refreshing native plugins compatible for Editor in 4.46 ms, found 4 plugins.
Preloading 1 native plugins for Editor in 0.15 ms.
Unloading 13 Unused Serialized files (Serialized files now loaded: 0)
Unloading 6967 unused Assets / (4.2 MB). Loaded Objects now: 7759.
Memory consumption went from 165.1 MB to 160.9 MB.
Total: 11.794500 ms (FindLiveObjects: 1.150700 ms CreateObjectMapping: 0.664000 ms MarkObjects: 7.301900 ms  DeleteObjects: 2.676800 ms)

Prepare: number of updated asset objects reloaded= 0
========================================================================
Received Prepare
Refreshing native plugins compatible for Editor in 2.52 ms, found 4 plugins.
Preloading 1 native plugins for Editor in 0.07 ms.
Unloading 13 Unused Serialized files (Serialized files now loaded: 0)
Unloading 6967 unused Assets / (3.7 MB). Loaded Objects now: 7759.
Memory consumption went from 165.1 MB to 161.4 MB.
Total: 12.001400 ms (FindLiveObjects: 1.413400 ms CreateObjectMapping: 0.841100 ms MarkObjects: 6.847900 ms  DeleteObjects: 2.897200 ms)

Prepare: number of updated asset objects reloaded= 0
========================================================================
Received Prepare
Refreshing native plugins compatible for Editor in 4.76 ms, found 4 plugins.
Preloading 1 native plugins for Editor in 0.17 ms.
Unloading 13 Unused Serialized files (Serialized files now loaded: 0)
Unloading 6967 unused Assets / (4.2 MB). Loaded Objects now: 7759.
Memory consumption went from 165.1 MB to 161.0 MB.
Total: 11.116000 ms (FindLiveObjects: 1.282100 ms CreateObjectMapping: 0.539300 ms MarkObjects: 6.898700 ms  DeleteObjects: 2.394900 ms)

Prepare: number of updated asset objects reloaded= 0
========================================================================
Received Prepare
Refreshing native plugins compatible for Editor in 4.50 ms, found 4 plugins.
Preloading 1 native plugins for Editor in 0.16 ms.
Unloading 13 Unused Serialized files (Serialized files now loaded: 0)
Unloading 6967 unused Assets / (4.3 MB). Loaded Objects now: 7759.
Memory consumption went from 165.1 MB to 160.8 MB.
Total: 14.613500 ms (FindLiveObjects: 1.037500 ms CreateObjectMapping: 0.842600 ms MarkObjects: 9.123800 ms  DeleteObjects: 3.607500 ms)

Prepare: number of updated asset objects reloaded= 0
========================================================================
Received Prepare
Refreshing native plugins compatible for Editor in 2.06 ms, found 4 plugins.
Preloading 1 native plugins for Editor in 0.07 ms.
Unloading 13 Unused Serialized files (Serialized files now loaded: 0)
Unloading 6967 unused Assets / (4.3 MB). Loaded Objects now: 7759.
Memory consumption went from 165.1 MB to 160.8 MB.
Total: 11.739800 ms (FindLiveObjects: 1.009400 ms CreateObjectMapping: 0.596100 ms MarkObjects: 7.522700 ms  DeleteObjects: 2.610100 ms)

Prepare: number of updated asset objects reloaded= 0
========================================================================
Received Prepare
Begin MonoManager ReloadAssembly
Symbol file LoadedFromMemory is not a mono symbol file
- Loaded All Assemblies, in  2.533 seconds
Refreshing native plugins compatible for Editor in 2.33 ms, found 4 plugins.
Native extension for WindowsStandalone target not found
Mono: successfully reloaded assembly
- Finished resetting the current domain, in  0.805 seconds
Domain Reload Profiling: 3337ms
	BeginReloadAssembly (446ms)
		ExecutionOrderSort (0ms)
		DisableScriptedObjects (5ms)
		BackupInstance (0ms)
		ReleaseScriptingObjects (0ms)
		CreateAndSetChildDomain (45ms)
	RebuildCommonClasses (96ms)
	RebuildNativeTypeToScriptingClass (9ms)
	initialDomainReloadingComplete (27ms)
	LoadAllAssembliesAndSetupDomain (1954ms)
		LoadAssemblies (1946ms)
		RebuildTransferFunctionScriptingTraits (0ms)
		AnalyzeDomain (363ms)
			TypeCache.Refresh (10ms)
				TypeCache.ScanAssembly (0ms)
			BuildScriptInfoCaches (338ms)
			ResolveRequiredComponents (11ms)
	FinalizeReload (805ms)
		ReleaseScriptCaches (0ms)
		RebuildScriptCaches (0ms)
		SetupLoadedEditorAssemblies (628ms)
			LogAssemblyErrors (0ms)
			InitializePlatformSupportModulesInManaged (2ms)
			SetLoadedEditorAssemblies (3ms)
			BeforeProcessingInitializeOnLoad (114ms)
			ProcessInitializeOnLoadAttributes (293ms)
			ProcessInitializeOnLoadMethodAttributes (212ms)
			AfterProcessingInitializeOnLoad (4ms)
			EditorAssembliesLoaded (0ms)
		ExecutionOrderSort2 (0ms)
		AwakeInstancesAfterBackupRestoration (10ms)
Refreshing native plugins compatible for Editor in 1.81 ms, found 4 plugins.
Preloading 1 native plugins for Editor in 0.07 ms.
Unloading 13 Unused Serialized files (Serialized files now loaded: 0)
Unloading 6982 unused Assets / (4.6 MB). Loaded Objects now: 7761.
Memory consumption went from 165.0 MB to 160.4 MB.
Total: 8.340000 ms (FindLiveObjects: 0.542000 ms CreateObjectMapping: 0.489200 ms MarkObjects: 5.321000 ms  DeleteObjects: 1.986800 ms)

Prepare: number of updated asset objects reloaded= 0
========================================================================
Received Prepare
Refreshing native plugins compatible for Editor in 3.28 ms, found 4 plugins.
Preloading 1 native plugins for Editor in 0.12 ms.
Unloading 13 Unused Serialized files (Serialized files now loaded: 0)
Unloading 6967 unused Assets / (4.8 MB). Loaded Objects now: 7761.
Memory consumption went from 165.1 MB to 160.4 MB.
Total: 10.735100 ms (FindLiveObjects: 0.565500 ms CreateObjectMapping: 0.631100 ms MarkObjects: 6.846400 ms  DeleteObjects: 2.689900 ms)

Prepare: number of updated asset objects reloaded= 0
========================================================================
Received Prepare
Begin MonoManager ReloadAssembly
Symbol file LoadedFromMemory is not a mono symbol file
- Loaded All Assemblies, in  0.845 seconds
Refreshing native plugins compatible for Editor in 2.58 ms, found 4 plugins.
Native extension for WindowsStandalone target not found
Mono: successfully reloaded assembly
- Finished resetting the current domain, in  0.917 seconds
Domain Reload Profiling: 1757ms
	BeginReloadAssembly (256ms)
		ExecutionOrderSort (0ms)
		DisableScriptedObjects (5ms)
		BackupInstance (0ms)
		ReleaseScriptingObjects (0ms)
		CreateAndSetChildDomain (61ms)
	RebuildCommonClasses (34ms)
	RebuildNativeTypeToScriptingClass (11ms)
	initialDomainReloadingComplete (44ms)
	LoadAllAssembliesAndSetupDomain (494ms)
		LoadAssemblies (430ms)
		RebuildTransferFunctionScriptingTraits (0ms)
		AnalyzeDomain (200ms)
			TypeCache.Refresh (10ms)
				TypeCache.ScanAssembly (0ms)
			BuildScriptInfoCaches (178ms)
			ResolveRequiredComponents (9ms)
	FinalizeReload (918ms)
		ReleaseScriptCaches (0ms)
		RebuildScriptCaches (0ms)
		SetupLoadedEditorAssemblies (745ms)
			LogAssemblyErrors (0ms)
			InitializePlatformSupportModulesInManaged (3ms)
			SetLoadedEditorAssemblies (3ms)
			BeforeProcessingInitializeOnLoad (191ms)
			ProcessInitializeOnLoadAttributes (322ms)
			ProcessInitializeOnLoadMethodAttributes (222ms)
			AfterProcessingInitializeOnLoad (5ms)
			EditorAssembliesLoaded (0ms)
		ExecutionOrderSort2 (0ms)
		AwakeInstancesAfterBackupRestoration (12ms)
Refreshing native plugins compatible for Editor in 1.80 ms, found 4 plugins.
Preloading 1 native plugins for Editor in 0.08 ms.
Unloading 13 Unused Serialized files (Serialized files now loaded: 0)
Unloading 6982 unused Assets / (4.4 MB). Loaded Objects now: 7763.
Memory consumption went from 165.0 MB to 160.6 MB.
Total: 7.797300 ms (FindLiveObjects: 0.538200 ms CreateObjectMapping: 0.487100 ms MarkObjects: 4.982100 ms  DeleteObjects: 1.788900 ms)

Prepare: number of updated asset objects reloaded= 0
========================================================================
Received Prepare
Refreshing native plugins compatible for Editor in 3.00 ms, found 4 plugins.
Preloading 1 native plugins for Editor in 0.09 ms.
Unloading 13 Unused Serialized files (Serialized files now loaded: 0)
Unloading 6967 unused Assets / (4.4 MB). Loaded Objects now: 7763.
Memory consumption went from 165.1 MB to 160.7 MB.
Total: 26.200800 ms (FindLiveObjects: 0.680000 ms CreateObjectMapping: 0.488300 ms MarkObjects: 22.980600 ms  DeleteObjects: 2.050700 ms)

Prepare: number of updated asset objects reloaded= 0
========================================================================
Received Prepare
Begin MonoManager ReloadAssembly
Symbol file LoadedFromMemory is not a mono symbol file
- Loaded All Assemblies, in  0.619 seconds
Refreshing native plugins compatible for Editor in 1.72 ms, found 4 plugins.
Native extension for WindowsStandalone target not found
Mono: successfully reloaded assembly
- Finished resetting the current domain, in  0.726 seconds
Domain Reload Profiling: 1345ms
	BeginReloadAssembly (172ms)
		ExecutionOrderSort (0ms)
		DisableScriptedObjects (6ms)
		BackupInstance (0ms)
		ReleaseScriptingObjects (0ms)
		CreateAndSetChildDomain (46ms)
	RebuildCommonClasses (32ms)
	RebuildNativeTypeToScriptingClass (10ms)
	initialDomainReloadingComplete (26ms)
	LoadAllAssembliesAndSetupDomain (380ms)
		LoadAssemblies (301ms)
		RebuildTransferFunctionScriptingTraits (0ms)
		AnalyzeDomain (159ms)
			TypeCache.Refresh (8ms)
				TypeCache.ScanAssembly (0ms)
			BuildScriptInfoCaches (140ms)
			ResolveRequiredComponents (8ms)
	FinalizeReload (726ms)
		ReleaseScriptCaches (0ms)
		RebuildScriptCaches (0ms)
		SetupLoadedEditorAssemblies (578ms)
			LogAssemblyErrors (0ms)
			InitializePlatformSupportModulesInManaged (2ms)
			SetLoadedEditorAssemblies (3ms)
			BeforeProcessingInitializeOnLoad (111ms)
			ProcessInitializeOnLoadAttributes (266ms)
			ProcessInitializeOnLoadMethodAttributes (192ms)
			AfterProcessingInitializeOnLoad (4ms)
			EditorAssembliesLoaded (0ms)
		ExecutionOrderSort2 (0ms)
		AwakeInstancesAfterBackupRestoration (12ms)
Refreshing native plugins compatible for Editor in 1.77 ms, found 4 plugins.
Preloading 1 native plugins for Editor in 0.07 ms.
Unloading 13 Unused Serialized files (Serialized files now loaded: 0)
Unloading 6982 unused Assets / (3.9 MB). Loaded Objects now: 7765.
Memory consumption went from 165.0 MB to 161.1 MB.
Total: 7.453400 ms (FindLiveObjects: 0.533300 ms CreateObjectMapping: 0.492100 ms MarkObjects: 4.770100 ms  DeleteObjects: 1.657200 ms)

Prepare: number of updated asset objects reloaded= 0
========================================================================
Received Prepare
Refreshing native plugins compatible for Editor in 4.60 ms, found 4 plugins.
Preloading 1 native plugins for Editor in 0.14 ms.
Unloading 13 Unused Serialized files (Serialized files now loaded: 0)
Unloading 6967 unused Assets / (4.3 MB). Loaded Objects now: 7765.
Memory consumption went from 165.1 MB to 160.9 MB.
Total: 11.438700 ms (FindLiveObjects: 0.897200 ms CreateObjectMapping: 0.559200 ms MarkObjects: 7.541200 ms  DeleteObjects: 2.439300 ms)

Prepare: number of updated asset objects reloaded= 0
========================================================================
Received Prepare
Begin MonoManager ReloadAssembly
Symbol file LoadedFromMemory is not a mono symbol file
- Loaded All Assemblies, in  0.853 seconds
Refreshing native plugins compatible for Editor in 1.73 ms, found 4 plugins.
Native extension for WindowsStandalone target not found
Mono: successfully reloaded assembly
- Finished resetting the current domain, in  0.871 seconds
Domain Reload Profiling: 1720ms
	BeginReloadAssembly (209ms)
		ExecutionOrderSort (0ms)
		DisableScriptedObjects (6ms)
		BackupInstance (0ms)
		ReleaseScriptingObjects (0ms)
		CreateAndSetChildDomain (43ms)
	RebuildCommonClasses (36ms)
	RebuildNativeTypeToScriptingClass (12ms)
	initialDomainReloadingComplete (41ms)
	LoadAllAssembliesAndSetupDomain (551ms)
		LoadAssemblies (448ms)
		RebuildTransferFunctionScriptingTraits (0ms)
		AnalyzeDomain (222ms)
			TypeCache.Refresh (11ms)
				TypeCache.ScanAssembly (0ms)
			BuildScriptInfoCaches (194ms)
			ResolveRequiredComponents (11ms)
	FinalizeReload (871ms)
		ReleaseScriptCaches (0ms)
		RebuildScriptCaches (0ms)
		SetupLoadedEditorAssemblies (687ms)
			LogAssemblyErrors (0ms)
			InitializePlatformSupportModulesInManaged (2ms)
			SetLoadedEditorAssemblies (3ms)
			BeforeProcessingInitializeOnLoad (156ms)
			ProcessInitializeOnLoadAttributes (309ms)
			ProcessInitializeOnLoadMethodAttributes (212ms)
			AfterProcessingInitializeOnLoad (4ms)
			EditorAssembliesLoaded (0ms)
		ExecutionOrderSort2 (0ms)
		AwakeInstancesAfterBackupRestoration (10ms)
Refreshing native plugins compatible for Editor in 1.80 ms, found 4 plugins.
Preloading 1 native plugins for Editor in 0.26 ms.
Unloading 13 Unused Serialized files (Serialized files now loaded: 0)
Unloading 6982 unused Assets / (4.5 MB). Loaded Objects now: 7767.
Memory consumption went from 165.0 MB to 160.5 MB.
Total: 8.533200 ms (FindLiveObjects: 0.561800 ms CreateObjectMapping: 0.600200 ms MarkObjects: 4.979400 ms  DeleteObjects: 2.390900 ms)

Prepare: number of updated asset objects reloaded= 0
========================================================================
Received Prepare
Refreshing native plugins compatible for Editor in 4.16 ms, found 4 plugins.
Preloading 1 native plugins for Editor in 0.12 ms.
Unloading 13 Unused Serialized files (Serialized files now loaded: 0)
Unloading 6967 unused Assets / (4.5 MB). Loaded Objects now: 7767.
Memory consumption went from 165.1 MB to 160.7 MB.
Total: 10.842100 ms (FindLiveObjects: 0.871900 ms CreateObjectMapping: 0.837800 ms MarkObjects: 7.159300 ms  DeleteObjects: 1.971700 ms)

Prepare: number of updated asset objects reloaded= 0
========================================================================
Received Prepare
Refreshing native plugins compatible for Editor in 4.17 ms, found 4 plugins.
Preloading 1 native plugins for Editor in 0.15 ms.
Unloading 13 Unused Serialized files (Serialized files now loaded: 0)
Unloading 6967 unused Assets / (3.7 MB). Loaded Objects now: 7767.
Memory consumption went from 165.1 MB to 161.4 MB.
Total: 10.398000 ms (FindLiveObjects: 0.887500 ms CreateObjectMapping: 0.571300 ms MarkObjects: 6.772700 ms  DeleteObjects: 2.165100 ms)

Prepare: number of updated asset objects reloaded= 0
========================================================================
Received Prepare
Refreshing native plugins compatible for Editor in 4.62 ms, found 4 plugins.
Preloading 1 native plugins for Editor in 0.14 ms.
Unloading 13 Unused Serialized files (Serialized files now loaded: 0)
Unloading 6967 unused Assets / (4.2 MB). Loaded Objects now: 7767.
Memory consumption went from 165.1 MB to 161.0 MB.
Total: 11.472900 ms (FindLiveObjects: 0.964800 ms CreateObjectMapping: 0.603100 ms MarkObjects: 7.495600 ms  DeleteObjects: 2.407600 ms)

Prepare: number of updated asset objects reloaded= 0
========================================================================
Received Prepare
Refreshing native plugins compatible for Editor in 4.67 ms, found 4 plugins.
Preloading 1 native plugins for Editor in 0.14 ms.
Unloading 13 Unused Serialized files (Serialized files now loaded: 0)
Unloading 6967 unused Assets / (4.4 MB). Loaded Objects now: 7767.
Memory consumption went from 165.1 MB to 160.8 MB.
Total: 12.680200 ms (FindLiveObjects: 0.935700 ms CreateObjectMapping: 0.537000 ms MarkObjects: 7.866500 ms  DeleteObjects: 3.339100 ms)

Prepare: number of updated asset objects reloaded= 0
========================================================================
Received Prepare
Refreshing native plugins compatible for Editor in 4.39 ms, found 4 plugins.
Preloading 1 native plugins for Editor in 0.24 ms.
Unloading 13 Unused Serialized files (Serialized files now loaded: 0)
Unloading 6967 unused Assets / (4.4 MB). Loaded Objects now: 7767.
Memory consumption went from 165.1 MB to 160.7 MB.
Total: 11.066200 ms (FindLiveObjects: 0.974700 ms CreateObjectMapping: 0.557800 ms MarkObjects: 6.549700 ms  DeleteObjects: 2.982300 ms)

Prepare: number of updated asset objects reloaded= 0
========================================================================
Received Prepare
Begin MonoManager ReloadAssembly
Symbol file LoadedFromMemory is not a mono symbol file
- Loaded All Assemblies, in  0.874 seconds
Refreshing native plugins compatible for Editor in 2.00 ms, found 4 plugins.
Native extension for WindowsStandalone target not found
Mono: successfully reloaded assembly
- Finished resetting the current domain, in  0.873 seconds
Domain Reload Profiling: 1741ms
	BeginReloadAssembly (225ms)
		ExecutionOrderSort (0ms)
		DisableScriptedObjects (10ms)
		BackupInstance (0ms)
		ReleaseScriptingObjects (0ms)
		CreateAndSetChildDomain (54ms)
	RebuildCommonClasses (32ms)
	RebuildNativeTypeToScriptingClass (13ms)
	initialDomainReloadingComplete (39ms)
	LoadAllAssembliesAndSetupDomain (560ms)
		LoadAssemblies (462ms)
		RebuildTransferFunctionScriptingTraits (0ms)
		AnalyzeDomain (214ms)
			TypeCache.Refresh (14ms)
				TypeCache.ScanAssembly (1ms)
			BuildScriptInfoCaches (187ms)
			ResolveRequiredComponents (9ms)
	FinalizeReload (873ms)
		ReleaseScriptCaches (0ms)
		RebuildScriptCaches (0ms)
		SetupLoadedEditorAssemblies (707ms)
			LogAssemblyErrors (0ms)
			InitializePlatformSupportModulesInManaged (2ms)
			SetLoadedEditorAssemblies (3ms)
			BeforeProcessingInitializeOnLoad (177ms)
			ProcessInitializeOnLoadAttributes (310ms)
			ProcessInitializeOnLoadMethodAttributes (209ms)
			AfterProcessingInitializeOnLoad (4ms)
			EditorAssembliesLoaded (0ms)
		ExecutionOrderSort2 (0ms)
		AwakeInstancesAfterBackupRestoration (10ms)
Refreshing native plugins compatible for Editor in 1.86 ms, found 4 plugins.
Preloading 1 native plugins for Editor in 0.07 ms.
Unloading 13 Unused Serialized files (Serialized files now loaded: 0)
Unloading 6982 unused Assets / (4.4 MB). Loaded Objects now: 7769.
Memory consumption went from 165.0 MB to 160.6 MB.
Total: 8.398000 ms (FindLiveObjects: 0.561900 ms CreateObjectMapping: 0.519500 ms MarkObjects: 5.211600 ms  DeleteObjects: 2.103800 ms)

Prepare: number of updated asset objects reloaded= 0
========================================================================
Received Prepare
Refreshing native plugins compatible for Editor in 4.25 ms, found 4 plugins.
Preloading 1 native plugins for Editor in 0.25 ms.
Unloading 13 Unused Serialized files (Serialized files now loaded: 0)
Unloading 6967 unused Assets / (4.6 MB). Loaded Objects now: 7769.
Memory consumption went from 165.1 MB to 160.5 MB.
Total: 8.979200 ms (FindLiveObjects: 0.648800 ms CreateObjectMapping: 0.510000 ms MarkObjects: 5.627600 ms  DeleteObjects: 2.188300 ms)

Prepare: number of updated asset objects reloaded= 0
========================================================================
Received Prepare
Begin MonoManager ReloadAssembly
Symbol file LoadedFromMemory is not a mono symbol file
- Loaded All Assemblies, in  0.607 seconds
Refreshing native plugins compatible for Editor in 1.71 ms, found 4 plugins.
Native extension for WindowsStandalone target not found
Mono: successfully reloaded assembly
- Finished resetting the current domain, in  0.744 seconds
Domain Reload Profiling: 1350ms
	BeginReloadAssembly (165ms)
		ExecutionOrderSort (0ms)
		DisableScriptedObjects (6ms)
		BackupInstance (0ms)
		ReleaseScriptingObjects (0ms)
		CreateAndSetChildDomain (43ms)
	RebuildCommonClasses (32ms)
	RebuildNativeTypeToScriptingClass (10ms)
	initialDomainReloadingComplete (24ms)
	LoadAllAssembliesAndSetupDomain (376ms)
		LoadAssemblies (295ms)
		RebuildTransferFunctionScriptingTraits (0ms)
		AnalyzeDomain (157ms)
			TypeCache.Refresh (8ms)
				TypeCache.ScanAssembly (0ms)
			BuildScriptInfoCaches (138ms)
			ResolveRequiredComponents (8ms)
	FinalizeReload (744ms)
		ReleaseScriptCaches (0ms)
		RebuildScriptCaches (0ms)
		SetupLoadedEditorAssemblies (602ms)
			LogAssemblyErrors (0ms)
			InitializePlatformSupportModulesInManaged (2ms)
			SetLoadedEditorAssemblies (3ms)
			BeforeProcessingInitializeOnLoad (118ms)
			ProcessInitializeOnLoadAttributes (279ms)
			ProcessInitializeOnLoadMethodAttributes (195ms)
			AfterProcessingInitializeOnLoad (5ms)
			EditorAssembliesLoaded (0ms)
		ExecutionOrderSort2 (0ms)
		AwakeInstancesAfterBackupRestoration (9ms)
Refreshing native plugins compatible for Editor in 1.76 ms, found 4 plugins.
Preloading 1 native plugins for Editor in 0.08 ms.
Unloading 13 Unused Serialized files (Serialized files now loaded: 0)
Unloading 6982 unused Assets / (4.1 MB). Loaded Objects now: 7771.
Memory consumption went from 165.0 MB to 160.9 MB.
Total: 7.341500 ms (FindLiveObjects: 0.515000 ms CreateObjectMapping: 0.492100 ms MarkObjects: 4.714700 ms  DeleteObjects: 1.619100 ms)

Prepare: number of updated asset objects reloaded= 0
========================================================================
Received Prepare
Refreshing native plugins compatible for Editor in 2.51 ms, found 4 plugins.
Preloading 1 native plugins for Editor in 0.22 ms.
Unloading 13 Unused Serialized files (Serialized files now loaded: 0)
Unloading 6967 unused Assets / (4.7 MB). Loaded Objects now: 7771.
Memory consumption went from 165.1 MB to 160.4 MB.
Total: 16.172600 ms (FindLiveObjects: 1.649600 ms CreateObjectMapping: 1.413000 ms MarkObjects: 8.600900 ms  DeleteObjects: 4.506600 ms)

Prepare: number of updated asset objects reloaded= 0
========================================================================
Received Prepare
Begin MonoManager ReloadAssembly
Symbol file LoadedFromMemory is not a mono symbol file
- Loaded All Assemblies, in  0.792 seconds
Refreshing native plugins compatible for Editor in 1.96 ms, found 4 plugins.
Native extension for WindowsStandalone target not found
Mono: successfully reloaded assembly
- Finished resetting the current domain, in  0.912 seconds
Domain Reload Profiling: 1698ms
	BeginReloadAssembly (239ms)
		ExecutionOrderSort (0ms)
		DisableScriptedObjects (6ms)
		BackupInstance (0ms)
		ReleaseScriptingObjects (0ms)
		CreateAndSetChildDomain (52ms)
	RebuildCommonClasses (31ms)
	RebuildNativeTypeToScriptingClass (12ms)
	initialDomainReloadingComplete (41ms)
	LoadAllAssembliesAndSetupDomain (463ms)
		LoadAssemblies (385ms)
		RebuildTransferFunctionScriptingTraits (0ms)
		AnalyzeDomain (211ms)
			TypeCache.Refresh (9ms)
				TypeCache.ScanAssembly (0ms)
			BuildScriptInfoCaches (189ms)
			ResolveRequiredComponents (10ms)
	FinalizeReload (912ms)
		ReleaseScriptCaches (0ms)
		RebuildScriptCaches (0ms)
		SetupLoadedEditorAssemblies (698ms)
			LogAssemblyErrors (0ms)
			InitializePlatformSupportModulesInManaged (2ms)
			SetLoadedEditorAssemblies (3ms)
			BeforeProcessingInitializeOnLoad (126ms)
			ProcessInitializeOnLoadAttributes (312ms)
			ProcessInitializeOnLoadMethodAttributes (250ms)
			AfterProcessingInitializeOnLoad (5ms)
			EditorAssembliesLoaded (0ms)
		ExecutionOrderSort2 (0ms)
		AwakeInstancesAfterBackupRestoration (10ms)
Refreshing native plugins compatible for Editor in 1.74 ms, found 4 plugins.
Preloading 1 native plugins for Editor in 0.07 ms.
Unloading 13 Unused Serialized files (Serialized files now loaded: 0)
Unloading 6982 unused Assets / (4.4 MB). Loaded Objects now: 7773.
Memory consumption went from 165.0 MB to 160.6 MB.
Total: 8.239700 ms (FindLiveObjects: 0.530500 ms CreateObjectMapping: 0.499700 ms MarkObjects: 5.308900 ms  DeleteObjects: 1.899600 ms)

Prepare: number of updated asset objects reloaded= 0
========================================================================
Received Prepare
Refreshing native plugins compatible for Editor in 2.30 ms, found 4 plugins.
Preloading 1 native plugins for Editor in 0.08 ms.
Unloading 13 Unused Serialized files (Serialized files now loaded: 0)
Unloading 6968 unused Assets / (4.4 MB). Loaded Objects now: 7774.
Memory consumption went from 165.1 MB to 160.8 MB.
Total: 8.625400 ms (FindLiveObjects: 0.614200 ms CreateObjectMapping: 0.573200 ms MarkObjects: 5.419600 ms  DeleteObjects: 2.017700 ms)

Prepare: number of updated asset objects reloaded= 0
========================================================================
Received Import Request.
  Time since last request: 3448.710848 seconds.
  path: Assets/Revisione/Scripts/AgentsData/Player.cs
  artifactKey: Guid(d7ed3105b17e7924592a31c8f4384863) Importer(815301076,1909f56bfc062723c751e8b465ee728b)
Start importing Assets/Revisione/Scripts/AgentsData/Player.cs using Guid(d7ed3105b17e7924592a31c8f4384863) Importer(815301076,1909f56bfc062723c751e8b465ee728b) (PreviewImporter) -> (artifact id: 'ca497dd23600517c2993022c26c9c76c') in 1.5394997 seconds
Number of updated asset objects reloaded before import = 0Number of asset objects unloaded after import = 0

========================================================================
Received Import Request.
  Time since last request: 1.189258 seconds.
  path: Assets/Revisione/Scripts/AgentsData/AgentData.cs
  artifactKey: Guid(edc0941508dc1ec43b019bb530d37762) Importer(815301076,1909f56bfc062723c751e8b465ee728b)
Start importing Assets/Revisione/Scripts/AgentsData/AgentData.cs using Guid(edc0941508dc1ec43b019bb530d37762) Importer(815301076,1909f56bfc062723c751e8b465ee728b) (PreviewImporter) -> (artifact id: '1d973599897de43d4443a667535c959d') in 0.0011004 seconds
Number of updated asset objects reloaded before import = 0Number of asset objects unloaded after import = 0

========================================================================
Received Prepare
Begin MonoManager ReloadAssembly
Symbol file LoadedFromMemory is not a mono symbol file
- Loaded All Assemblies, in  0.717 seconds
Refreshing native plugins compatible for Editor in 2.73 ms, found 4 plugins.
Native extension for WindowsStandalone target not found
Mono: successfully reloaded assembly
- Finished resetting the current domain, in  0.819 seconds
Domain Reload Profiling: 1534ms
	BeginReloadAssembly (205ms)
		ExecutionOrderSort (0ms)
		DisableScriptedObjects (6ms)
		BackupInstance (0ms)
		ReleaseScriptingObjects (0ms)
		CreateAndSetChildDomain (68ms)
	RebuildCommonClasses (30ms)
	RebuildNativeTypeToScriptingClass (11ms)
	initialDomainReloadingComplete (26ms)
	LoadAllAssembliesAndSetupDomain (443ms)
		LoadAssemblies (348ms)
		RebuildTransferFunctionScriptingTraits (0ms)
		AnalyzeDomain (185ms)
			TypeCache.Refresh (11ms)
				TypeCache.ScanAssembly (1ms)
			BuildScriptInfoCaches (161ms)
			ResolveRequiredComponents (10ms)
	FinalizeReload (819ms)
		ReleaseScriptCaches (0ms)
		RebuildScriptCaches (0ms)
		SetupLoadedEditorAssemblies (634ms)
			LogAssemblyErrors (0ms)
			InitializePlatformSupportModulesInManaged (3ms)
			SetLoadedEditorAssemblies (4ms)
			BeforeProcessingInitializeOnLoad (127ms)
			ProcessInitializeOnLoadAttributes (286ms)
			ProcessInitializeOnLoadMethodAttributes (210ms)
			AfterProcessingInitializeOnLoad (4ms)
			EditorAssembliesLoaded (0ms)
		ExecutionOrderSort2 (0ms)
		AwakeInstancesAfterBackupRestoration (10ms)
Refreshing native plugins compatible for Editor in 1.69 ms, found 4 plugins.
Preloading 1 native plugins for Editor in 0.07 ms.
Unloading 13 Unused Serialized files (Serialized files now loaded: 0)
Unloading 6983 unused Assets / (4.3 MB). Loaded Objects now: 7776.
Memory consumption went from 165.0 MB to 160.7 MB.
Total: 7.968900 ms (FindLiveObjects: 0.853800 ms CreateObjectMapping: 0.512100 ms MarkObjects: 4.726400 ms  DeleteObjects: 1.875600 ms)

Prepare: number of updated asset objects reloaded= 0
========================================================================
Received Prepare
Refreshing native plugins compatible for Editor in 2.03 ms, found 4 plugins.
Preloading 1 native plugins for Editor in 0.09 ms.
Unloading 13 Unused Serialized files (Serialized files now loaded: 0)
Unloading 6968 unused Assets / (4.5 MB). Loaded Objects now: 7776.
Memory consumption went from 165.1 MB to 160.6 MB.
Total: 9.928400 ms (FindLiveObjects: 0.684700 ms CreateObjectMapping: 0.678400 ms MarkObjects: 5.569000 ms  DeleteObjects: 2.995400 ms)

Prepare: number of updated asset objects reloaded= 0
========================================================================
Received Prepare
Begin MonoManager ReloadAssembly
Symbol file LoadedFromMemory is not a mono symbol file
- Loaded All Assemblies, in  0.836 seconds
Refreshing native plugins compatible for Editor in 2.61 ms, found 4 plugins.
Native extension for WindowsStandalone target not found
Mono: successfully reloaded assembly
- Finished resetting the current domain, in  0.868 seconds
Domain Reload Profiling: 1701ms
	BeginReloadAssembly (214ms)
		ExecutionOrderSort (0ms)
		DisableScriptedObjects (5ms)
		BackupInstance (0ms)
		ReleaseScriptingObjects (0ms)
		CreateAndSetChildDomain (56ms)
	RebuildCommonClasses (30ms)
	RebuildNativeTypeToScriptingClass (10ms)
	initialDomainReloadingComplete (30ms)
	LoadAllAssembliesAndSetupDomain (548ms)
		LoadAssemblies (465ms)
		RebuildTransferFunctionScriptingTraits (0ms)
		AnalyzeDomain (191ms)
			TypeCache.Refresh (9ms)
				TypeCache.ScanAssembly (0ms)
			BuildScriptInfoCaches (167ms)
			ResolveRequiredComponents (10ms)
	FinalizeReload (868ms)
		ReleaseScriptCaches (0ms)
		RebuildScriptCaches (0ms)
		SetupLoadedEditorAssemblies (681ms)
			LogAssemblyErrors (0ms)
			InitializePlatformSupportModulesInManaged (2ms)
			SetLoadedEditorAssemblies (3ms)
			BeforeProcessingInitializeOnLoad (133ms)
			ProcessInitializeOnLoadAttributes (318ms)
			ProcessInitializeOnLoadMethodAttributes (220ms)
			AfterProcessingInitializeOnLoad (4ms)
			EditorAssembliesLoaded (0ms)
		ExecutionOrderSort2 (0ms)
		AwakeInstancesAfterBackupRestoration (10ms)
Refreshing native plugins compatible for Editor in 1.71 ms, found 4 plugins.
Preloading 1 native plugins for Editor in 0.08 ms.
Unloading 13 Unused Serialized files (Serialized files now loaded: 0)
Unloading 6983 unused Assets / (4.3 MB). Loaded Objects now: 7778.
Memory consumption went from 165.0 MB to 160.8 MB.
Total: 8.053500 ms (FindLiveObjects: 0.550400 ms CreateObjectMapping: 0.756500 ms MarkObjects: 4.728900 ms  DeleteObjects: 2.017000 ms)

Prepare: number of updated asset objects reloaded= 0
========================================================================
Received Prepare
Refreshing native plugins compatible for Editor in 4.27 ms, found 4 plugins.
Preloading 1 native plugins for Editor in 0.14 ms.
Unloading 13 Unused Serialized files (Serialized files now loaded: 0)
Unloading 6968 unused Assets / (4.8 MB). Loaded Objects now: 7778.
Memory consumption went from 165.2 MB to 160.4 MB.
Total: 18.448100 ms (FindLiveObjects: 1.579500 ms CreateObjectMapping: 1.508200 ms MarkObjects: 10.279800 ms  DeleteObjects: 5.078400 ms)

Prepare: number of updated asset objects reloaded= 0
========================================================================
Received Prepare
Refreshing native plugins compatible for Editor in 4.39 ms, found 4 plugins.
Preloading 1 native plugins for Editor in 0.15 ms.
Unloading 13 Unused Serialized files (Serialized files now loaded: 0)
Unloading 6968 unused Assets / (4.2 MB). Loaded Objects now: 7778.
Memory consumption went from 165.2 MB to 160.9 MB.
Total: 14.719400 ms (FindLiveObjects: 1.134300 ms CreateObjectMapping: 1.125000 ms MarkObjects: 8.485800 ms  DeleteObjects: 3.972800 ms)

Prepare: number of updated asset objects reloaded= 0
========================================================================
Received Prepare
Begin MonoManager ReloadAssembly
Symbol file LoadedFromMemory is not a mono symbol file
- Loaded All Assemblies, in  0.889 seconds
Refreshing native plugins compatible for Editor in 1.82 ms, found 4 plugins.
Native extension for WindowsStandalone target not found
Mono: successfully reloaded assembly
- Finished resetting the current domain, in  1.359 seconds
Domain Reload Profiling: 2246ms
	BeginReloadAssembly (263ms)
		ExecutionOrderSort (0ms)
		DisableScriptedObjects (7ms)
		BackupInstance (0ms)
		ReleaseScriptingObjects (0ms)
		CreateAndSetChildDomain (68ms)
	RebuildCommonClasses (43ms)
	RebuildNativeTypeToScriptingClass (13ms)
	initialDomainReloadingComplete (39ms)
	LoadAllAssembliesAndSetupDomain (529ms)
		LoadAssemblies (432ms)
		RebuildTransferFunctionScriptingTraits (0ms)
		AnalyzeDomain (234ms)
			TypeCache.Refresh (10ms)
				TypeCache.ScanAssembly (1ms)
			BuildScriptInfoCaches (205ms)
			ResolveRequiredComponents (16ms)
	FinalizeReload (1359ms)
		ReleaseScriptCaches (0ms)
		RebuildScriptCaches (0ms)
		SetupLoadedEditorAssemblies (1080ms)
			LogAssemblyErrors (0ms)
			InitializePlatformSupportModulesInManaged (3ms)
			SetLoadedEditorAssemblies (6ms)
			BeforeProcessingInitializeOnLoad (211ms)
			ProcessInitializeOnLoadAttributes (544ms)
			ProcessInitializeOnLoadMethodAttributes (311ms)
			AfterProcessingInitializeOnLoad (5ms)
			EditorAssembliesLoaded (0ms)
		ExecutionOrderSort2 (0ms)
		AwakeInstancesAfterBackupRestoration (10ms)
Refreshing native plugins compatible for Editor in 4.00 ms, found 4 plugins.
Preloading 1 native plugins for Editor in 0.13 ms.
Unloading 13 Unused Serialized files (Serialized files now loaded: 0)
Unloading 6983 unused Assets / (3.8 MB). Loaded Objects now: 7780.
Memory consumption went from 165.0 MB to 161.3 MB.
Total: 12.530600 ms (FindLiveObjects: 0.983900 ms CreateObjectMapping: 1.242200 ms MarkObjects: 7.917100 ms  DeleteObjects: 2.386400 ms)

Prepare: number of updated asset objects reloaded= 0
========================================================================
Received Prepare
Refreshing native plugins compatible for Editor in 2.07 ms, found 4 plugins.
Preloading 1 native plugins for Editor in 0.08 ms.
Unloading 13 Unused Serialized files (Serialized files now loaded: 0)
Unloading 6968 unused Assets / (4.3 MB). Loaded Objects now: 7780.
Memory consumption went from 165.2 MB to 160.9 MB.
Total: 10.011300 ms (FindLiveObjects: 0.901700 ms CreateObjectMapping: 0.485000 ms MarkObjects: 6.362500 ms  DeleteObjects: 2.261000 ms)

Prepare: number of updated asset objects reloaded= 0
========================================================================
Received Prepare
Begin MonoManager ReloadAssembly
Symbol file LoadedFromMemory is not a mono symbol file
- Loaded All Assemblies, in  0.705 seconds
Refreshing native plugins compatible for Editor in 2.94 ms, found 4 plugins.
Native extension for WindowsStandalone target not found
Mono: successfully reloaded assembly
- Finished resetting the current domain, in  1.207 seconds
Domain Reload Profiling: 1913ms
	BeginReloadAssembly (193ms)
		ExecutionOrderSort (0ms)
		DisableScriptedObjects (6ms)
		BackupInstance (0ms)
		ReleaseScriptingObjects (0ms)
		CreateAndSetChildDomain (54ms)
	RebuildCommonClasses (31ms)
	RebuildNativeTypeToScriptingClass (11ms)
	initialDomainReloadingComplete (27ms)
	LoadAllAssembliesAndSetupDomain (443ms)
		LoadAssemblies (349ms)
		RebuildTransferFunctionScriptingTraits (0ms)
		AnalyzeDomain (185ms)
			TypeCache.Refresh (10ms)
				TypeCache.ScanAssembly (0ms)
			BuildScriptInfoCaches (163ms)
			ResolveRequiredComponents (9ms)
	FinalizeReload (1207ms)
		ReleaseScriptCaches (0ms)
		RebuildScriptCaches (0ms)
		SetupLoadedEditorAssemblies (960ms)
			LogAssemblyErrors (0ms)
			InitializePlatformSupportModulesInManaged (3ms)
			SetLoadedEditorAssemblies (5ms)
			BeforeProcessingInitializeOnLoad (194ms)
			ProcessInitializeOnLoadAttributes (355ms)
			ProcessInitializeOnLoadMethodAttributes (391ms)
			AfterProcessingInitializeOnLoad (12ms)
			EditorAssembliesLoaded (1ms)
		ExecutionOrderSort2 (0ms)
		AwakeInstancesAfterBackupRestoration (24ms)
Refreshing native plugins compatible for Editor in 2.29 ms, found 4 plugins.
Preloading 1 native plugins for Editor in 0.09 ms.
Unloading 13 Unused Serialized files (Serialized files now loaded: 0)
Unloading 6983 unused Assets / (3.9 MB). Loaded Objects now: 7782.
Memory consumption went from 165.0 MB to 161.1 MB.
Total: 12.271900 ms (FindLiveObjects: 1.024900 ms CreateObjectMapping: 0.622800 ms MarkObjects: 7.273300 ms  DeleteObjects: 3.349300 ms)

Prepare: number of updated asset objects reloaded= 0
========================================================================
Received Prepare
Refreshing native plugins compatible for Editor in 5.04 ms, found 4 plugins.
Preloading 1 native plugins for Editor in 0.13 ms.
Unloading 13 Unused Serialized files (Serialized files now loaded: 0)
Unloading 6968 unused Assets / (4.3 MB). Loaded Objects now: 7782.
Memory consumption went from 165.2 MB to 160.8 MB.
Total: 12.851200 ms (FindLiveObjects: 0.968000 ms CreateObjectMapping: 0.810100 ms MarkObjects: 8.117900 ms  DeleteObjects: 2.953600 ms)

Prepare: number of updated asset objects reloaded= 0
========================================================================
Received Prepare
Begin MonoManager ReloadAssembly
Symbol file LoadedFromMemory is not a mono symbol file
- Loaded All Assemblies, in  0.817 seconds
Refreshing native plugins compatible for Editor in 3.56 ms, found 4 plugins.
Native extension for WindowsStandalone target not found
Mono: successfully reloaded assembly
- Finished resetting the current domain, in  0.798 seconds
Domain Reload Profiling: 1614ms
	BeginReloadAssembly (245ms)
		ExecutionOrderSort (0ms)
		DisableScriptedObjects (5ms)
		BackupInstance (0ms)
		ReleaseScriptingObjects (0ms)
		CreateAndSetChildDomain (64ms)
	RebuildCommonClasses (41ms)
	RebuildNativeTypeToScriptingClass (12ms)
	initialDomainReloadingComplete (33ms)
	LoadAllAssembliesAndSetupDomain (484ms)
		LoadAssemblies (387ms)
		RebuildTransferFunctionScriptingTraits (0ms)
		AnalyzeDomain (227ms)
			TypeCache.Refresh (10ms)
				TypeCache.ScanAssembly (0ms)
			BuildScriptInfoCaches (196ms)
			ResolveRequiredComponents (16ms)
	FinalizeReload (799ms)
		ReleaseScriptCaches (0ms)
		RebuildScriptCaches (0ms)
		SetupLoadedEditorAssemblies (639ms)
			LogAssemblyErrors (0ms)
			InitializePlatformSupportModulesInManaged (3ms)
			SetLoadedEditorAssemblies (3ms)
			BeforeProcessingInitializeOnLoad (120ms)
			ProcessInitializeOnLoadAttributes (287ms)
			ProcessInitializeOnLoadMethodAttributes (222ms)
			AfterProcessingInitializeOnLoad (4ms)
			EditorAssembliesLoaded (0ms)
		ExecutionOrderSort2 (0ms)
		AwakeInstancesAfterBackupRestoration (11ms)
Refreshing native plugins compatible for Editor in 1.71 ms, found 4 plugins.
Preloading 1 native plugins for Editor in 0.09 ms.
Unloading 13 Unused Serialized files (Serialized files now loaded: 0)
Unloading 6983 unused Assets / (4.7 MB). Loaded Objects now: 7784.
Memory consumption went from 165.0 MB to 160.3 MB.
Total: 9.018300 ms (FindLiveObjects: 0.556300 ms CreateObjectMapping: 0.504800 ms MarkObjects: 5.255000 ms  DeleteObjects: 2.701400 ms)

Prepare: number of updated asset objects reloaded= 0
========================================================================
Received Prepare
Refreshing native plugins compatible for Editor in 1.86 ms, found 4 plugins.
Preloading 1 native plugins for Editor in 0.07 ms.
Unloading 13 Unused Serialized files (Serialized files now loaded: 0)
Unloading 6967 unused Assets / (4.3 MB). Loaded Objects now: 7783.
Memory consumption went from 165.2 MB to 160.9 MB.
Total: 9.354600 ms (FindLiveObjects: 0.633300 ms CreateObjectMapping: 0.565000 ms MarkObjects: 5.487600 ms  DeleteObjects: 2.667600 ms)

Prepare: number of updated asset objects reloaded= 0
========================================================================
Received Prepare
Begin MonoManager ReloadAssembly
Symbol file LoadedFromMemory is not a mono symbol file
- Loaded All Assemblies, in  0.667 seconds
Refreshing native plugins compatible for Editor in 1.65 ms, found 4 plugins.
Native extension for WindowsStandalone target not found
Mono: successfully reloaded assembly
- Finished resetting the current domain, in  0.826 seconds
Domain Reload Profiling: 1492ms
	BeginReloadAssembly (183ms)
		ExecutionOrderSort (0ms)
		DisableScriptedObjects (5ms)
		BackupInstance (0ms)
		ReleaseScriptingObjects (0ms)
		CreateAndSetChildDomain (45ms)
	RebuildCommonClasses (30ms)
	RebuildNativeTypeToScriptingClass (10ms)
	initialDomainReloadingComplete (27ms)
	LoadAllAssembliesAndSetupDomain (416ms)
		LoadAssemblies (333ms)
		RebuildTransferFunctionScriptingTraits (0ms)
		AnalyzeDomain (173ms)
			TypeCache.Refresh (9ms)
				TypeCache.ScanAssembly (0ms)
			BuildScriptInfoCaches (151ms)
			ResolveRequiredComponents (9ms)
	FinalizeReload (826ms)
		ReleaseScriptCaches (0ms)
		RebuildScriptCaches (0ms)
		SetupLoadedEditorAssemblies (651ms)
			LogAssemblyErrors (0ms)
			InitializePlatformSupportModulesInManaged (3ms)
			SetLoadedEditorAssemblies (3ms)
			BeforeProcessingInitializeOnLoad (137ms)
			ProcessInitializeOnLoadAttributes (283ms)
			ProcessInitializeOnLoadMethodAttributes (220ms)
			AfterProcessingInitializeOnLoad (4ms)
			EditorAssembliesLoaded (1ms)
		ExecutionOrderSort2 (0ms)
		AwakeInstancesAfterBackupRestoration (10ms)
Refreshing native plugins compatible for Editor in 1.71 ms, found 4 plugins.
Preloading 1 native plugins for Editor in 0.07 ms.
Unloading 13 Unused Serialized files (Serialized files now loaded: 0)
Unloading 6982 unused Assets / (4.3 MB). Loaded Objects now: 7785.
Memory consumption went from 165.0 MB to 160.8 MB.
Total: 7.654400 ms (FindLiveObjects: 0.527000 ms CreateObjectMapping: 0.505600 ms MarkObjects: 4.854400 ms  DeleteObjects: 1.766600 ms)

Prepare: number of updated asset objects reloaded= 0
========================================================================
Received Prepare
Begin MonoManager ReloadAssembly
Symbol file LoadedFromMemory is not a mono symbol file
- Loaded All Assemblies, in  0.670 seconds
Refreshing native plugins compatible for Editor in 2.53 ms, found 4 plugins.
Native extension for WindowsStandalone target not found
Mono: successfully reloaded assembly
- Finished resetting the current domain, in  0.919 seconds
Domain Reload Profiling: 1589ms
	BeginReloadAssembly (187ms)
		ExecutionOrderSort (0ms)
		DisableScriptedObjects (5ms)
		BackupInstance (0ms)
		ReleaseScriptingObjects (0ms)
		CreateAndSetChildDomain (51ms)
	RebuildCommonClasses (30ms)
	RebuildNativeTypeToScriptingClass (10ms)
	initialDomainReloadingComplete (25ms)
	LoadAllAssembliesAndSetupDomain (417ms)
		LoadAssemblies (335ms)
		RebuildTransferFunctionScriptingTraits (0ms)
		AnalyzeDomain (174ms)
			TypeCache.Refresh (7ms)
				TypeCache.ScanAssembly (0ms)
			BuildScriptInfoCaches (155ms)
			ResolveRequiredComponents (9ms)
	FinalizeReload (920ms)
		ReleaseScriptCaches (0ms)
		RebuildScriptCaches (0ms)
		SetupLoadedEditorAssemblies (744ms)
			LogAssemblyErrors (0ms)
			InitializePlatformSupportModulesInManaged (2ms)
			SetLoadedEditorAssemblies (3ms)
			BeforeProcessingInitializeOnLoad (120ms)
			ProcessInitializeOnLoadAttributes (306ms)
			ProcessInitializeOnLoadMethodAttributes (305ms)
			AfterProcessingInitializeOnLoad (7ms)
			EditorAssembliesLoaded (0ms)
		ExecutionOrderSort2 (0ms)
		AwakeInstancesAfterBackupRestoration (17ms)
Refreshing native plugins compatible for Editor in 2.29 ms, found 4 plugins.
Preloading 1 native plugins for Editor in 0.07 ms.
Unloading 13 Unused Serialized files (Serialized files now loaded: 0)
Unloading 6982 unused Assets / (4.9 MB). Loaded Objects now: 7787.
Memory consumption went from 165.0 MB to 160.2 MB.
Total: 9.641300 ms (FindLiveObjects: 0.668900 ms CreateObjectMapping: 0.719200 ms MarkObjects: 5.859400 ms  DeleteObjects: 2.392500 ms)

Prepare: number of updated asset objects reloaded= 0
========================================================================
Received Prepare
Begin MonoManager ReloadAssembly
Symbol file LoadedFromMemory is not a mono symbol file
- Loaded All Assemblies, in  0.680 seconds
Refreshing native plugins compatible for Editor in 2.02 ms, found 4 plugins.
Native extension for WindowsStandalone target not found
Mono: successfully reloaded assembly
- Finished resetting the current domain, in  0.859 seconds
Domain Reload Profiling: 1540ms
	BeginReloadAssembly (187ms)
		ExecutionOrderSort (0ms)
		DisableScriptedObjects (6ms)
		BackupInstance (0ms)
		ReleaseScriptingObjects (0ms)
		CreateAndSetChildDomain (51ms)
	RebuildCommonClasses (30ms)
	RebuildNativeTypeToScriptingClass (10ms)
	initialDomainReloadingComplete (28ms)
	LoadAllAssembliesAndSetupDomain (424ms)
		LoadAssemblies (334ms)
		RebuildTransferFunctionScriptingTraits (0ms)
		AnalyzeDomain (179ms)
			TypeCache.Refresh (6ms)
				TypeCache.ScanAssembly (0ms)
			BuildScriptInfoCaches (156ms)
			ResolveRequiredComponents (13ms)
	FinalizeReload (860ms)
		ReleaseScriptCaches (0ms)
		RebuildScriptCaches (0ms)
		SetupLoadedEditorAssemblies (699ms)
			LogAssemblyErrors (0ms)
			InitializePlatformSupportModulesInManaged (2ms)
			SetLoadedEditorAssemblies (3ms)
			BeforeProcessingInitializeOnLoad (115ms)
			ProcessInitializeOnLoadAttributes (307ms)
			ProcessInitializeOnLoadMethodAttributes (267ms)
			AfterProcessingInitializeOnLoad (5ms)
			EditorAssembliesLoaded (0ms)
		ExecutionOrderSort2 (0ms)
		AwakeInstancesAfterBackupRestoration (12ms)
Refreshing native plugins compatible for Editor in 2.35 ms, found 4 plugins.
Preloading 1 native plugins for Editor in 0.07 ms.
Unloading 13 Unused Serialized files (Serialized files now loaded: 0)
Unloading 6982 unused Assets / (4.3 MB). Loaded Objects now: 7789.
Memory consumption went from 165.1 MB to 160.7 MB.
Total: 8.723300 ms (FindLiveObjects: 0.653800 ms CreateObjectMapping: 0.569300 ms MarkObjects: 5.259300 ms  DeleteObjects: 2.240000 ms)

Prepare: number of updated asset objects reloaded= 0
========================================================================
Received Prepare
Begin MonoManager ReloadAssembly
Symbol file LoadedFromMemory is not a mono symbol file
- Loaded All Assemblies, in  0.687 seconds
Refreshing native plugins compatible for Editor in 1.61 ms, found 4 plugins.
Native extension for WindowsStandalone target not found
Mono: successfully reloaded assembly
- Finished resetting the current domain, in  0.869 seconds
Domain Reload Profiling: 1556ms
	BeginReloadAssembly (179ms)
		ExecutionOrderSort (0ms)
		DisableScriptedObjects (5ms)
		BackupInstance (0ms)
		ReleaseScriptingObjects (0ms)
		CreateAndSetChildDomain (45ms)
	RebuildCommonClasses (31ms)
	RebuildNativeTypeToScriptingClass (10ms)
	initialDomainReloadingComplete (28ms)
	LoadAllAssembliesAndSetupDomain (438ms)
		LoadAssemblies (335ms)
		RebuildTransferFunctionScriptingTraits (0ms)
		AnalyzeDomain (192ms)
			TypeCache.Refresh (8ms)
				TypeCache.ScanAssembly (0ms)
			BuildScriptInfoCaches (168ms)
			ResolveRequiredComponents (12ms)
	FinalizeReload (870ms)
		ReleaseScriptCaches (0ms)
		RebuildScriptCaches (0ms)
		SetupLoadedEditorAssemblies (703ms)
			LogAssemblyErrors (0ms)
			InitializePlatformSupportModulesInManaged (2ms)
			SetLoadedEditorAssemblies (3ms)
			BeforeProcessingInitializeOnLoad (124ms)
			ProcessInitializeOnLoadAttributes (308ms)
			ProcessInitializeOnLoadMethodAttributes (260ms)
			AfterProcessingInitializeOnLoad (6ms)
			EditorAssembliesLoaded (0ms)
		ExecutionOrderSort2 (0ms)
		AwakeInstancesAfterBackupRestoration (12ms)
Refreshing native plugins compatible for Editor in 2.72 ms, found 4 plugins.
Preloading 1 native plugins for Editor in 0.08 ms.
Unloading 13 Unused Serialized files (Serialized files now loaded: 0)
Unloading 6982 unused Assets / (4.4 MB). Loaded Objects now: 7791.
Memory consumption went from 165.1 MB to 160.6 MB.
Total: 8.330200 ms (FindLiveObjects: 0.546300 ms CreateObjectMapping: 0.582300 ms MarkObjects: 5.097500 ms  DeleteObjects: 2.103000 ms)

Prepare: number of updated asset objects reloaded= 0
========================================================================
Received Prepare
Refreshing native plugins compatible for Editor in 3.26 ms, found 4 plugins.
Preloading 1 native plugins for Editor in 0.12 ms.
Unloading 13 Unused Serialized files (Serialized files now loaded: 0)
Unloading 6967 unused Assets / (4.5 MB). Loaded Objects now: 7791.
Memory consumption went from 165.2 MB to 160.7 MB.
Total: 12.642400 ms (FindLiveObjects: 0.752900 ms CreateObjectMapping: 0.994900 ms MarkObjects: 7.494100 ms  DeleteObjects: 3.398800 ms)

Prepare: number of updated asset objects reloaded= 0
========================================================================
Received Prepare
Begin MonoManager ReloadAssembly
Symbol file LoadedFromMemory is not a mono symbol file
- Loaded All Assemblies, in  0.818 seconds
Refreshing native plugins compatible for Editor in 1.78 ms, found 4 plugins.
Native extension for WindowsStandalone target not found
Mono: successfully reloaded assembly
- Finished resetting the current domain, in  0.869 seconds
Domain Reload Profiling: 1686ms
	BeginReloadAssembly (233ms)
		ExecutionOrderSort (0ms)
		DisableScriptedObjects (9ms)
		BackupInstance (0ms)
		ReleaseScriptingObjects (0ms)
		CreateAndSetChildDomain (56ms)
	RebuildCommonClasses (36ms)
	RebuildNativeTypeToScriptingClass (11ms)
	initialDomainReloadingComplete (31ms)
	LoadAllAssembliesAndSetupDomain (506ms)
		LoadAssemblies (408ms)
		RebuildTransferFunctionScriptingTraits (0ms)
		AnalyzeDomain (216ms)
			TypeCache.Refresh (14ms)
				TypeCache.ScanAssembly (1ms)
			BuildScriptInfoCaches (189ms)
			ResolveRequiredComponents (10ms)
	FinalizeReload (869ms)
		ReleaseScriptCaches (0ms)
		RebuildScriptCaches (0ms)
		SetupLoadedEditorAssemblies (693ms)
			LogAssemblyErrors (0ms)
			InitializePlatformSupportModulesInManaged (2ms)
			SetLoadedEditorAssemblies (3ms)
			BeforeProcessingInitializeOnLoad (153ms)
			ProcessInitializeOnLoadAttributes (328ms)
			ProcessInitializeOnLoadMethodAttributes (202ms)
			AfterProcessingInitializeOnLoad (4ms)
			EditorAssembliesLoaded (0ms)
		ExecutionOrderSort2 (0ms)
		AwakeInstancesAfterBackupRestoration (10ms)
Refreshing native plugins compatible for Editor in 1.70 ms, found 4 plugins.
Preloading 1 native plugins for Editor in 0.07 ms.
Unloading 13 Unused Serialized files (Serialized files now loaded: 0)
Unloading 6982 unused Assets / (4.3 MB). Loaded Objects now: 7793.
Memory consumption went from 165.1 MB to 160.8 MB.
Total: 8.016700 ms (FindLiveObjects: 0.743200 ms CreateObjectMapping: 0.566500 ms MarkObjects: 4.955100 ms  DeleteObjects: 1.751300 ms)

Prepare: number of updated asset objects reloaded= 0
========================================================================
Received Prepare
Begin MonoManager ReloadAssembly
Symbol file LoadedFromMemory is not a mono symbol file
- Loaded All Assemblies, in  0.659 seconds
Refreshing native plugins compatible for Editor in 2.48 ms, found 4 plugins.
Native extension for WindowsStandalone target not found
Mono: successfully reloaded assembly
- Finished resetting the current domain, in  0.879 seconds
Domain Reload Profiling: 1539ms
	BeginReloadAssembly (180ms)
		ExecutionOrderSort (0ms)
		DisableScriptedObjects (5ms)
		BackupInstance (0ms)
		ReleaseScriptingObjects (0ms)
		CreateAndSetChildDomain (49ms)
	RebuildCommonClasses (29ms)
	RebuildNativeTypeToScriptingClass (10ms)
	initialDomainReloadingComplete (25ms)
	LoadAllAssembliesAndSetupDomain (416ms)
		LoadAssemblies (325ms)
		RebuildTransferFunctionScriptingTraits (0ms)
		AnalyzeDomain (176ms)
			TypeCache.Refresh (7ms)
				TypeCache.ScanAssembly (0ms)
			BuildScriptInfoCaches (156ms)
			ResolveRequiredComponents (8ms)
	FinalizeReload (880ms)
		ReleaseScriptCaches (0ms)
		RebuildScriptCaches (0ms)
		SetupLoadedEditorAssemblies (710ms)
			LogAssemblyErrors (0ms)
			InitializePlatformSupportModulesInManaged (2ms)
			SetLoadedEditorAssemblies (3ms)
			BeforeProcessingInitializeOnLoad (123ms)
			ProcessInitializeOnLoadAttributes (319ms)
			ProcessInitializeOnLoadMethodAttributes (256ms)
			AfterProcessingInitializeOnLoad (6ms)
			EditorAssembliesLoaded (0ms)
		ExecutionOrderSort2 (0ms)
		AwakeInstancesAfterBackupRestoration (12ms)
Refreshing native plugins compatible for Editor in 1.95 ms, found 4 plugins.
Preloading 1 native plugins for Editor in 0.07 ms.
Unloading 13 Unused Serialized files (Serialized files now loaded: 0)
Unloading 6982 unused Assets / (4.6 MB). Loaded Objects now: 7795.
Memory consumption went from 165.1 MB to 160.5 MB.
Total: 8.725600 ms (FindLiveObjects: 0.571200 ms CreateObjectMapping: 0.582100 ms MarkObjects: 5.185700 ms  DeleteObjects: 2.385400 ms)

Prepare: number of updated asset objects reloaded= 0
